EstacaoCodigo;NivelConsistencia;Data;TipoMedicaoChuvas;Maxima;Total;DiaMaxima;NumDiasDeChuva;MaximaStatus;TotalStatus;NumDiasDeChuvaStatus;TotalAnual;TotalAnualStatus;Chuva01;Chuva02;Chuva03;Chuva04;Chuva05;Chuva06;Chuva07;Chuva08;Chuva09;Chuva10;Chuva11;Chuva12;Chuva13;Chuva14;Chuva15;Chuva16;Chuva17;Chuva18;Chuva19;Chuva20;Chuva21;Chuva22;Chuva23;Chuva24;Chuva25;Chuva26;Chuva27;Chuva28;Chuva29;Chuva30;Chuva31;Chuva01Status;Chuva02Status;Chuva03Status;Chuva04Status;Chuva05Status;Chuva06Status;Chuva07Status;Chuva08Status;Chuva09Status;Chuva10Status;Chuva11Status;Chuva12Status;Chuva13Status;Chuva14Status;Chuva15Status;Chuva16Status;Chuva17Status;Chuva18Status;Chuva19Status;Chuva20Status;Chuva21Status;Chuva22Status;Chuva23Status;Chuva24Status;Chuva25Status;Chuva26Status;Chuva27Status;Chuva28Status;Chuva29Status;Chuva30Status;Chuva31Status
469001;1;01/07/2024;1;9,5;13,9;30;5;1;1;1;;0;0,5;2,5;0;0;0;0;0;0;0;0;0;1,2;0;0;0;0;0;0;0;0,2;0;0;0;0;0;0;0;0;0;9,5;0;1;1;1;1;1;1;1;1;1;1;1;1;1;1;1;1;1;1;1;1;1;1;1;1;1;1;1;1;1;1;1
469001;1;01/06/2024;1;26,5;117,5;9;14;1;1;1;;0;0;0;0;22,3;2,2;0;16,7;3,2;26,5;15;17,2;8,2;0,2;0,1;0;0,2;0,9;0;0;0;2,3;0;0;0;0;0;0;2,5;0;0;;1;1;1;1;1;1;1;1;1;1;1;1;1;1;1;1;1;1;1;1;1;1;1;1;1;1;1;1;1;1;0
469001;1;01/03/2024;1;139,8;422;1;21;1;1;1;;0;139,8;9,6;9,6;0;0;25,8;3,8;54,3;0;22,3;2,4;17,3;1;0;2,8;4,8;0,1;0,1;0,4;0;0,3;0;1,2;117,8;0;0;3,4;2,8;0;2,4;0;1;1;1;1;1;1;1;1;1;1;1;1;1;1;1;1;1;1;1;1;1;1;1;1;1;1;1;1;1;1;1
469001;1;01/02/2024;1;74;437,7;18;21;1;1;1;;0;17,4;0,1;5,6;3,8;15,9;48,2;26,2;0,1;0;16,5;73,8;29;12,1;23;13,2;26,3;35,9;74;0,1;0;9,6;0;0;0;6,5;0,4;0;0;0;;;1;1;1;1;1;1;1;1;1;1;1;1;1;1;1;1;1;1;1;1;1;1;1;1;1;1;1;1;1;0;0
469001;1;01/01/2024;1;56,8;348,3;31;22;1;1;1;;0;0;13,2;6,8;0;29,4;0;0;4,4;8,7;0;33,1;5,9;0;2,5;0;22,6;10,4;41,7;2,1;6,7;0;23,3;23,6;0,9;0;43;6,1;1,1;3,7;2,3;56,8;1;1;1;1;1;1;1;1;1;1;1;1;1;1;1;1;1;1;1;1;1;1;1;1;1;1;1;1;1;1;1
469001;1;01/12/2023;1;89,2;351,2;21;22;1;1;1;;0;22,3;0;10,6;16,6;3,1;12,3;8,4;0,7;0;6,1;34,5;18,9;0;12,7;20,6;13,9;9,2;0,2;0;0;89,2;0;0;3,1;0;10,6;0,2;41,2;6,4;0;10,4;1;1;1;1;1;1;1;1;1;1;1;1;1;1;1;1;1;1;1;1;1;1;1;1;1;1;1;1;1;1;1
469001;1;01/11/2023;1;72;418,8;21;15;1;1;1;;0;0;0;0;27,5;54,1;0;0;11,3;0;39,5;0;9,5;0;31,3;7,7;0;0;24,3;23;0;72;0;0;8;31,3;6,6;0;31,1;0;41,6;;1;1;1;1;1;1;1;1;1;1;1;1;1;1;1;1;1;1;1;1;1;1;1;1;1;1;1;1;1;1;0
469001;1;01/10/2023;1;34,7;120,7;13;9;1;1;1;;0;0;0;0;0;0;0;0;0;0;2,3;0;3,9;34,7;18,8;0;0;3,5;0;0;18,7;27,1;9,2;0;0;0;0;2,5;0;0;0;0;1;1;1;1;1;1;1;1;1;1;1;1;1;1;1;1;1;1;1;1;1;1;1;1;1;1;1;1;1;1;1
469001;1;01/09/2023;1;47,6;160,6;13;13;1;1;1;;0;0,4;16,2;0;0;4,9;0;0;0;0;17,6;11,9;0;47,6;0;0;0,5;0,3;0;13,7;0;17,3;0;0;4,2;0;0;0,3;0;25,7;0;;1;1;1;1;1;1;1;1;1;1;1;1;1;1;1;1;1;1;1;1;1;1;1;1;1;1;1;1;1;1;0
469001;1;01/08/2023;1;19,2;45,8;13;7;1;1;1;;0;0;2,7;0,9;0;0;0;0;9,9;11,2;0;0;0;19,2;0;0;0;0;0;0;0;0;0;0;0;1,4;0,5;0;0;0;0;0;1;1;1;1;1;1;1;1;1;1;1;1;1;1;1;1;1;1;1;1;1;1;1;1;1;1;1;1;1;1;1
469001;1;01/07/2023;1;55;211,7;15;12;1;1;1;;0;0;0;9,3;0;9,5;2,3;0;0;8;0;18,9;0;0,1;13,5;55;23;0;0;0;38,5;10,8;0;0;22,8;0;0;0;0;0;0;0;1;1;1;1;1;1;1;1;1;1;1;1;1;1;1;1;1;1;1;1;1;1;1;1;1;1;1;1;1;1;1
469001;1;01/06/2023;1;34,7;176,9;2;16;1;1;1;;0;7,7;34,7;2,1;0,4;0,6;9,1;10,3;29,1;6;0,2;9,1;0;18;8,9;0;0;0;0;0;0;0;0;9,5;0;0;27,5;0;0;0;3,7;;1;1;1;1;1;1;1;1;1;1;1;1;1;1;1;1;1;1;1;1;1;1;1;1;1;1;1;1;1;1;0
469001;1;01/05/2023;1;109,7;414,6;10;20;1;1;1;;0;0;39,8;0;0;26,3;29;8;0;29,8;109,7;0;39,3;0;1,4;37,9;32,03;14,4;0;0;2,2;13,4;22,4;4,2;1,4;0;0,1;2,7;0,1;0,5;0;0;1;1;1;1;1;1;1;1;1;1;1;1;1;1;1;1;1;1;1;1;1;1;1;1;1;1;1;1;1;1;1
469001;1;01/04/2023;1;77,1;365,1;2;20;1;1;1;;0;2,7;77,1;23,4;1,1;0;0;23,8;2,3;71,8;14,8;0;0;0;0;0;0,1;14,2;0;0,1;0;0,1;20,3;0,1;0,3;23,8;0;9,9;1,5;23,5;54,2;;1;1;1;1;1;1;1;1;1;1;1;1;1;1;1;1;1;1;1;1;1;1;1;1;1;1;1;1;1;1;0
469001;1;01/03/2023;1;61,1;216,7;24;17;1;1;1;;0;23,4;6,7;0;2,9;5,1;16,9;16,4;0,1;0;0,5;28,9;6,9;1,9;0;0;0;0;0;0;0;0;0;0;61,1;4,6;3,1;23,2;0;0;12,6;2,4;1;1;1;1;1;1;1;1;1;1;1;1;1;1;1;1;1;1;1;1;1;1;1;1;1;1;1;1;1;1;1
469001;1;01/02/2023;1;88;469,6;5;22;1;1;1;;0;0;44,9;2,6;0;88;1,7;0;59,5;6,6;4,6;33,8;22,4;31,1;0,1;0;22,5;12,2;2,5;29,9;12,3;3,1;0;45;31,2;1,2;9,5;0;4,9;;;;1;1;1;1;1;1;1;1;1;1;1;1;1;1;1;1;1;1;1;1;1;1;1;1;1;1;1;1;0;0;0
469001;1;01/01/2023;1;76,9;454,1;1;22;1;1;1;;0;76,9;8,3;0,5;0;18,9;11,1;12,8;22,3;0;0;4,8;5,6;20,5;0;48;0;8,4;34,5;63,5;2,6;0;0;12,1;12,2;13,6;0,5;0;11,4;0;65,5;0,1;1;1;1;1;1;1;1;1;1;1;1;1;1;1;1;1;1;1;1;1;1;1;1;1;1;1;1;1;1;1;1
469001;1;01/12/2022;1;86;347,9;26;17;1;1;1;;0;0;0;0,2;0;0;0;0;0;0;3;0;0;0;1,9;0,5;41,1;8,4;11,2;37;42,9;48,3;7,6;4,1;1,8;0;86;21,1;0;26,6;6,2;0;1;1;1;1;1;1;1;1;1;1;1;1;1;1;1;1;1;1;1;1;1;1;1;1;1;1;1;1;1;1;1
469001;1;01/11/2022;1;107,2;492,3;23;15;1;1;1;;0;0;82,1;0;0;0;0;0;0;0;1,4;0;0;0;37,2;0,2;52,6;71,2;0,4;0;52,6;0;26,3;107,2;0,1;0;33,2;3,2;24,5;0,1;0;;1;1;1;1;1;1;1;1;1;1;1;1;1;1;1;1;1;1;1;1;1;1;1;1;1;1;1;1;1;1;0
469001;1;01/10/2022;1;68,3;209,1;23;15;1;1;1;;0;0;0;6,8;0;0;0;11,6;43,6;0;9;0;9,9;0;0;0;9;0;6,3;0;3,4;1,1;0;68,3;1,1;1;0;5;2,6;30,4;0;0;1;1;1;1;1;1;1;1;1;1;1;1;1;1;1;1;1;1;1;1;1;1;1;1;1;1;1;1;1;1;1
469001;1;01/09/2022;1;38,9;108,6;11;6;1;1;1;;0;0;0;0;7,5;0;0;0;0;5,7;3,7;38,9;0;0;0;0;30,2;0;0;0;0;0;0;0;0;0;0;0;0;0;22,6;;1;1;1;1;1;1;1;1;1;1;1;1;1;1;1;1;1;1;1;1;1;1;1;1;1;1;1;1;1;1;0
469001;1;01/08/2022;1;38,5;149,9;29;12;1;1;1;;0;0,3;0,1;0;0;8,4;0;0;0;0;0,3;0;0;0;13,3;18,3;0;27,3;4;7;0;0;0;0;0;0;0;14,7;0;38,5;17,7;0;1;1;1;1;1;1;1;1;1;1;1;1;1;1;1;1;1;1;1;1;1;1;1;1;1;1;1;1;1;1;1
469001;1;01/07/2022;1;77,6;190,5;10;18;1;1;1;;0;0;0;0;0;13,1;0,2;0;14,2;4,2;77,6;4,5;3,9;0,3;0;0;0;15;7,5;19,5;0,1;0;0;0;14,4;4,1;0;6,5;4,4;0,7;0;0,3;1;1;1;1;1;1;1;1;1;1;1;1;1;1;1;1;1;1;1;1;1;1;1;1;1;1;1;1;1;1;1
469001;1;01/06/2022;1;43,9;199,7;10;15;1;1;1;;0;28;43,2;0;16;5;0,1;0;32,5;0,1;43,9;4,2;0;0;0;0;0;0;0;0;0,9;0,1;0,4;0;0;15;2,5;7,8;0;0;0;;1;1;1;1;1;1;1;1;1;1;1;1;1;1;1;1;1;1;1;1;1;1;1;1;1;1;1;1;1;1;0
469001;1;01/05/2022;1;20;110,1;27;16;1;1;1;;0;16;0,1;10,3;6,3;0;8,7;4,7;16;0;0;0;2,1;0;10,3;0,1;1,2;0;2;0;0;0;0;0;0;0;0,9;20;0;2,7;0;8,7;1;1;1;1;1;1;1;1;1;1;1;1;1;1;1;1;1;1;1;1;1;1;1;1;1;1;1;1;1;1;1
469001;1;01/04/2022;1;97,7;409,5;18;24;1;1;1;;0;0,6;39,4;6,5;0,1;0;0;9,6;2,6;19,6;16,6;13,8;1,1;0;30,6;46,7;48,7;26,2;97,7;9,3;0,9;13;0,1;0;0;0,3;0,4;0;0,1;4,8;20,8;;1;1;1;1;1;1;1;1;1;1;1;1;1;1;1;1;1;1;1;1;1;1;1;1;1;1;1;1;1;1;0
469001;1;01/03/2022;1;98;626,2;17;28;3;3;3;;0;1,9;0,2;5,2;0;0,5;1,4;13,2;32;43,5;0,1;19,4;77,4;40;0,2;13,7;8,2;98;0,1;37,1;0,1;0;0;46,3;3,3;22,3;7,8;31,7;43,7;43,8;34,1;1;1;1;1;1;1;1;3;1;1;1;1;3;1;1;3;1;1;1;1;1;1;1;1;1;1;1;1;3;3;1;1
469001;1;01/02/2022;1;109,9;350,3;22;18;3;3;3;;0;0;0,3;45,1;23,4;17,6;0,1;1,7;15,1;14,9;0;0;0,1;58,4;9,7;0;0;0;1;0;0;0,1;109,9;22;1;1;28,9;0;0;;;;1;1;1;1;1;1;1;1;1;1;1;1;1;1;1;1;1;1;1;1;1;1;3;3;3;1;1;1;0;0;0
469001;1;01/01/2022;1;132,2;427,2;7;23;3;3;3;;0;68,1;17,8;0;56,8;1,6;0;132,2;1,2;1;3,8;1,3;0;10;0,1;0,8;42,8;2,8;0;0;3,6;4,9;43,6;0,4;0,2;6,3;27,7;0,1;0;0,1;0;0;1;1;1;1;1;1;1;1;3;1;1;1;3;1;1;1;1;1;1;1;1;1;1;1;1;1;1;1;1;1;1
469001;1;01/12/2021;1;99,3;451,5;7;21;1;1;1;;0;12,4;0;3,3;0;17;1,9;99,3;0,1;18,6;0,1;63,2;0;0;4,8;31,4;53,4;39,1;3,1;41,3;24,1;3;20,3;0,1;13,8;0;0;1,2;0;0;0;0;1;1;1;1;1;1;1;1;1;1;1;1;1;1;1;1;1;1;1;1;1;1;1;1;1;1;1;1;1;1;1
469001;1;01/11/2021;1;90,6;349;12;20;1;1;1;;0;3,6;8,1;0,01;0;4;0;5,7;38,6;0;36,7;0,1;90,6;5,4;0;2;0;18,4;27,2;0;1,4;0,1;42,4;0;4;4,1;0;0;39,5;0;17,1;;1;1;1;1;1;1;1;1;1;1;1;1;1;1;1;1;1;1;1;1;1;1;1;1;1;1;1;1;1;1;0
469001;1;01/10/2021;1;39,5;243,3;26;19;1;1;1;;0;9;0;14,9;0;10,2;0,5;12,6;0,1;0;0;0;34,2;7,4;0;0,4;0;33,5;29,4;0,5;9,8;12,9;0,1;0;0;0;39,5;0;2,3;0;5,3;20,7;1;1;1;1;1;1;1;1;1;1;1;1;1;1;1;1;1;1;1;1;1;1;1;1;1;1;1;1;1;1;1
469001;1;01/07/2021;1;20,7;79,5;19;11;1;1;1;;0;0;0;0;0;0;19,9;0;4,3;0;4,5;1,6;0;0;2,5;0;0;10,6;14,7;20,7;0,1;0;0;0;0;0;0;0;0,4;0,2;0;0;1;1;1;1;1;1;1;1;1;1;1;1;1;1;1;1;1;1;1;1;1;1;1;1;1;1;1;1;1;1;1
469001;1;01/06/2021;1;44,9;180,6;17;21;1;1;1;;0;0;0;2,5;3,1;0;0;19,2;5,2;0;2,1;2,3;3,2;0,1;0;0;3,7;44,9;14,5;1,7;6,3;8,4;6,4;0,1;6,4;0;4,6;2,6;0;43,2;0,1;;1;1;1;1;1;1;1;1;1;1;1;1;1;1;1;1;1;1;1;1;1;1;1;1;1;1;1;1;1;1;0
469001;1;01/05/2021;1;90,6;323,4;31;20;1;1;1;;0;52,4;7;0;12,2;1;48,2;8,7;27,4;8;1;0;1,7;1,5;2;22,2;10,8;8;0;0;0;0;0;6,2;9,2;3,3;0;0;0;0;2;90,6;1;1;1;1;1;1;1;1;1;1;1;1;1;1;1;1;1;1;1;1;1;1;1;1;1;1;1;1;1;1;1
469001;1;01/04/2021;1;79,1;372,7;2;21;3;3;3;;0;0;79,1;2,2;11,2;1,6;0,8;0;5;0;6,6;26,6;0;0;3,2;0,5;0;26,4;46,4;46,4;2,6;5,9;0;0,3;0;0;19,8;3,4;29,4;45,7;9,6;;1;1;1;1;1;1;1;1;1;1;1;1;1;1;1;1;1;3;3;1;1;1;1;1;1;1;1;1;1;1;0
469001;1;01/03/2021;1;151,4;472,7;9;20;1;1;1;;0;31,2;21,4;51,2;0;15,1;0,8;9,4;35,2;151,4;1,5;0;1;0;0;2,3;0;0,7;0;0;0;0;0;6,3;1,4;19,4;12,9;0,1;0;58,6;43,5;9,3;1;1;1;1;1;1;1;1;1;1;1;1;1;1;1;1;1;1;1;1;1;1;1;1;1;1;1;1;1;1;1
469001;1;01/02/2021;1;43,2;200,5;10;19;3;3;3;;0;27,2;2,3;7,2;7,2;35,1;7,2;0;0;0;43,2;0;1;4,6;6,2;0;0;2,9;1,3;1;4,2;0;8,7;0;0;0,2;8,7;27,4;4,9;;;;1;1;3;3;1;1;1;1;1;1;1;1;1;1;1;1;1;1;1;1;1;1;1;1;1;1;1;1;0;0;0
469001;1;01/01/2021;1;116,6;664,9;19;28;1;1;1;;0;0;18;7,2;0;40,4;41,1;47,4;6,9;1,9;1,5;1,5;0,6;73,2;1,1;23,9;30,7;17,2;21,7;116,6;67,2;2,5;1,5;28;28,6;0,1;0;11;41,1;24,3;2,9;6,8;1;1;1;1;1;1;1;1;1;1;1;1;1;1;1;1;1;1;1;1;1;1;1;1;1;1;1;1;1;1;1
469001;1;01/12/2020;1;56,8;225,7;18;20;1;1;1;;0;6,5;6,2;2,2;33,7;21,9;5,5;0;0,3;0;0;31,9;1;0;12;3,8;22,3;0,2;56,8;3;0;0;5,1;0,2;0;0;3,6;0;9,3;0,2;0;0;1;1;1;1;1;1;1;1;1;1;1;1;1;1;1;1;1;1;1;1;1;1;1;1;1;1;1;1;1;1;1
469001;1;01/11/2020;1;57,9;217,8;28;16;1;1;1;;0;0;0;0;0;0;0;0;0,4;0;0,5;54,8;0;0;4,5;0;6;6,4;8,8;17,4;0;0;2,4;3,8;15,1;0,4;13,9;0;57,9;0,3;25,2;;1;1;1;1;1;1;1;1;1;1;1;1;1;1;1;1;1;1;1;1;1;1;1;1;1;1;1;1;1;1;0
469001;1;01/10/2020;1;23;92,3;22;8;1;1;1;;0;0;0;0;0;10,8;0;0;0;1,5;0;0;0;0;0;0;0;22,1;11,7;0;0;0;23;0;0;0;0;0,7;0;0,1;22,4;0;1;1;1;1;1;1;1;1;1;1;1;1;1;1;1;1;1;1;1;1;1;1;1;1;1;1;1;1;1;1;1
469001;1;01/09/2020;1;47,4;187,5;30;10;1;1;1;;0;0;0;31,5;0;19,1;17,4;0;12,5;0;0;0,4;0;0;0;0;0;0;0;0,6;0;0;37,9;0;0;0;0,7;0;0;20;47,4;0;1;1;1;1;1;1;1;1;1;1;1;1;1;1;1;1;1;1;1;1;1;1;1;1;1;1;1;1;1;1;1
469001;1;01/08/2020;1;51,9;137;18;7;1;1;1;;0;0;0;0;0;0;0;0;13;0;28,2;0;0;0;0,5;9,1;0;0;51,9;0;0;2,3;32;0;0;0;0;0;0;0;0;0;1;1;1;1;1;1;1;1;1;1;1;1;1;1;1;1;1;1;1;1;1;1;1;1;1;1;1;1;1;1;1
469001;1;01/07/2020;1;19,2;72,2;23;11;1;1;1;;0;11,1;0;0;0;0;5,2;0;0;0;1,2;0;0;0;7,2;0,1;0;0;9,6;0;11,1;0,2;0;19,2;0;6,2;0;0;0;1,1;0;0;1;1;1;1;1;1;1;1;1;1;1;1;1;1;1;1;1;1;1;1;1;1;1;1;1;1;1;1;1;1;1
469001;1;01/06/2020;1;38,2;202,6;26;20;1;1;1;;0;8,1;0;0;25,1;3,4;0,1;3,8;8,5;18,3;0;0;11,6;0,4;0;5;9;0;0;12,6;7;2;7;0;0;0;38,2;0,9;28,2;0,8;12,6;;1;1;1;1;1;1;1;1;1;1;1;1;1;1;1;1;1;1;1;1;1;1;1;1;1;1;1;1;1;1;0
469001;1;01/05/2020;1;;552,1;;;0;1;0;;0;;;248,3;0;75;0;5,6;5,4;0;0;0,1;4,8;0;1,2;0;21,3;9;0;12,7;68,7;0;14,1;0;75,1;1,5;0;0;0;0;8,2;1,1;0;0;4;1;1;1;1;1;1;1;1;1;1;1;1;1;1;1;1;1;1;1;1;1;1;1;1;1;1;1;1
469001;1;01/04/2020;1;103,3;458,8;26;16;1;1;1;;0;15,5;1;0;24,5;44;8,1;31,1;16,1;53,1;4,5;37;0;0;0;12,7;0;0;0;0;0;0;0;79,7;0,7;0;103,3;0;0;5,8;21,7;;1;1;1;1;1;1;1;1;1;1;1;1;1;1;1;1;1;1;1;1;1;1;1;1;1;1;1;1;1;1;0
469001;1;01/03/2020;1;31,5;183,2;14;16;1;1;1;;0;0;0;0;1,5;0;0,1;18,5;4,5;0;22,5;6,2;0;2,3;31,5;4,4;0;0;0;0;0;0;1,4;0;2,6;0;1,5;18,5;20,3;15,9;31,5;0;1;1;1;1;1;1;1;1;1;1;1;1;1;1;1;1;1;1;1;1;1;1;1;1;1;1;1;1;1;1;1
469001;1;01/02/2020;1;114,1;338,5;27;18;1;1;1;;0;45,5;58,5;0;0;0;10,2;2,7;0,6;0;64,5;0,4;4,2;5,6;0;9,9;7,5;0,4;4,9;0,9;0,2;0;0;0;0;0;8,3;114,1;0;0,1;;;1;1;1;1;1;1;1;1;1;1;1;1;1;1;1;1;1;1;1;1;1;1;1;1;1;1;1;1;1;0;0
469001;1;01/01/2020;1;43,1;296,1;1;11;3;3;3;;0;43,1;0;0;0;0;0;0;0;7,1;1,5;41,1;0;7,5;0;29,9;0;0;30;25,2;0;40,9;0;27,8;42;0;0;0;0;0;0;0;3;1;1;1;1;1;1;1;1;1;1;1;1;1;1;1;1;1;1;1;1;1;1;1;1;1;1;1;1;1;1
469001;1;01/12/2019;1;81,6;533,8;23;15;1;1;1;;0;0;49,2;0;0;12,9;6,1;13,5;0;0;0;47,9;0;0;0;80,4;0;0,1;0;31,8;20,2;0;1,9;81,6;42,1;0;19;0;57;70,1;0;0;1;1;1;1;1;1;1;1;1;1;1;1;1;1;1;1;1;1;1;1;1;1;1;1;1;1;1;1;1;1;1
469001;1;01/11/2019;1;82,3;385,1;15;22;1;1;1;;0;73,1;18;0,9;4;12,8;15,8;16;11,4;0,9;51,4;1,8;5;0;0,9;82,3;18,9;0;0;0;11,4;0;1,9;5,5;19,2;0;0;9,9;14,4;9,6;0;;1;1;1;1;1;1;1;1;1;1;1;1;1;1;1;1;1;1;1;1;1;1;1;1;1;1;1;1;1;1;0
469001;1;01/10/2019;1;37,5;184,5;26;;1;1;0;;0;0,3;0;0;13,6;0;0;0;0;0;10,7;0;6,2;0;0;15,1;0;0;3,6;8,8;2,7;0,1;3,5;0;10,8;0;37,5;30,6;0;11,9;;29,1;1;1;1;1;1;1;1;1;1;1;1;1;1;1;1;1;1;1;1;1;1;1;1;1;1;1;1;1;1;0;4
469001;1;01/09/2019;1;28,3;110,3;5;12;1;1;1;;0;0;9,3;0;0;28,3;0;0;0;0;0;9,2;0;0;7,4;0,2;0;0;1,7;0;0;0;16;7,8;0,7;22,7;1;0;0;0;6;;1;1;1;1;1;1;1;1;1;1;1;1;1;1;1;1;1;1;1;1;1;1;1;1;1;1;1;1;1;1;0
469001;1;01/08/2019;1;;122,2;;;0;0;0;;0;0;0;0;2,1;0;0;0,7;0;0;0;0;0;10,8;0;0;0;1,5;0;2,9;0;8,2;9,8;17,3;0;42,3;0;0;0;26,4;0,2;;1;1;1;1;1;1;1;1;1;1;1;1;1;1;1;1;1;1;1;1;1;1;1;1;1;1;1;1;1;1;0
469001;1;01/07/2019;1;37,7;245,3;1;20;2;2;2;;0;37,7;0,3;0;0;0;14,3;32,6;0,1;0;0,1;0,1;0;7;36,2;0,1;3,7;1,3;21,7;22,6;22,6;22,5;0;20,6;0;0,3;0,1;1,4;0;0;0;0;1;1;1;1;1;1;1;1;1;1;1;1;1;1;1;1;1;1;1;1;1;1;1;1;1;1;1;2;2;2;2
469001;1;01/06/2019;1;57,7;304,9;12;23;2;2;2;;0;4,9;0,6;0,1;6,4;0;0;13,6;55,3;30,3;0;8,7;57,7;4,6;1,6;2,2;24,6;0;0;1,3;1,6;23,6;9,1;1,3;7,4;0;0;3,6;4,4;8,6;33,4;;1;1;1;1;1;1;1;1;1;1;1;1;1;1;1;1;1;1;1;1;1;1;1;1;1;1;1;1;1;2;0
469001;1;01/05/2019;1;43,7;244,8;6;20;1;1;1;;0;7;4;0;7,8;0;43,7;0;1,1;0,9;20,4;18,5;2,3;10;0;0;0,3;0;0;0;23,6;38,6;1,8;0;0,1;4,7;28,4;0;8,3;15;8,3;0;1;1;1;1;1;1;1;1;1;1;1;1;1;1;1;1;1;1;1;1;1;1;1;1;1;1;1;1;1;1;1
469001;1;01/04/2019;1;70;250,8;14;25;1;1;1;;0;1,2;3;0,1;0;0,9;0,1;41,2;0,5;3,2;0;0,3;0,6;0;70;0;1,3;0;15,4;2,5;9,9;29,5;4,2;18,2;4;15,5;8,2;0,3;12,3;8,2;0,2;;1;1;1;1;1;1;1;1;1;1;1;1;1;1;1;1;1;1;1;1;1;1;1;1;1;1;1;1;1;1;0
469001;1;01/03/2019;1;64,5;351,3;28;23;1;1;1;;0;31,7;13,6;0;6,6;0,9;0;51,2;0;0;7,2;1,7;0;14,6;0,4;0;63,2;2,8;17,7;11;47,2;0;1,4;7,3;1,4;1,1;0,1;2,6;64,5;1,4;0;1,7;1;1;1;1;1;1;1;1;1;1;1;1;1;1;1;1;1;1;1;1;1;1;1;1;1;1;1;1;1;1;1
469001;1;01/02/2019;1;67,6;242;9;21;1;1;1;;0;4,7;8,6;0,3;9,9;0;17;5,2;0,3;67,6;32,5;9,6;9,9;15;0,4;0,2;0;0;3,2;0;0;0;5,9;8,7;8,4;0;13,8;17,4;3,4;;;;1;1;1;1;1;1;1;1;1;1;1;1;1;1;1;1;1;1;1;1;1;1;1;1;1;1;1;1;0;0;0
469001;1;01/01/2019;1;54,1;443,7;5;21;1;1;1;;0;0;0;2,4;35,8;54,1;4,7;0;39,9;0;0;0;0;19,9;0;0;17,5;47,6;14,4;16,2;3,7;37;32,1;30;19,3;2,9;0,6;0,1;21,4;38,7;5,4;0;1;1;1;1;1;1;1;1;1;1;1;1;1;1;1;1;1;1;1;1;1;1;1;1;1;1;1;1;1;1;1
469001;1;01/12/2018;1;56,9;459,3;20;26;1;1;1;;0;38,5;0;0;29,4;1;0,3;1,7;0,7;7,7;29,9;0,5;2,5;40,3;0;18,1;6,2;2,4;50,9;26,4;56,9;16,3;24,4;2,4;10,4;0;51,2;4,1;4,2;28,3;4,6;0;1;1;1;1;1;1;1;1;1;1;1;1;1;1;1;1;1;1;1;1;1;1;1;1;1;1;1;1;1;1;1
469001;1;01/11/2018;1;72,7;328,4;27;19;1;1;1;;0;22,6;21,5;0;3,3;20,3;0;0;2,2;0,3;15,1;0;3,6;26,1;37,6;0;0;0;0;5,5;23,6;0;23,6;7,5;34,6;2,2;2,3;72,7;3,8;0;0;;1;1;1;1;1;1;1;1;1;1;1;1;1;1;1;1;1;1;1;1;1;1;1;1;1;1;1;1;1;1;0
469001;1;01/10/2018;1;68,4;396,3;2;14;1;1;1;;0;0;68,4;0;0;0;0;0;0;0;17,8;3,8;30,6;14,4;0;0;0;0;0;0;0;43,1;0;53,6;23,2;17,4;26,2;27,4;0;25,1;27,7;17,6;1;1;1;1;1;1;1;1;1;1;1;1;1;1;1;1;1;1;1;1;1;1;1;1;1;1;1;1;1;1;1
469001;1;01/09/2018;1;31,2;112,2;15;8;1;1;1;;0;0;0;5,9;4,9;0;0;0;0;0;0;23,7;0;0;3,2;31,2;6;0;0;0;0;0;13,9;23,4;0;0;0;0;0;0;0;;1;1;1;1;1;1;1;1;1;1;1;1;1;1;1;1;1;1;1;1;1;1;1;1;1;1;1;1;1;1;0
469001;1;01/08/2018;1;23,3;74,4;10;11;1;1;1;;0;4;0,1;0;0;9,3;0;8,4;0;0;23,3;0;0;0;0,3;0;17,1;2,9;0;3;0;0;5,5;0;0;0;0;0,5;0;0;0;0;1;1;1;1;1;1;1;1;1;1;1;1;1;1;1;1;1;1;1;1;1;1;1;1;1;1;1;1;1;1;1
469001;1;01/07/2018;1;22,4;88,2;30;8;1;1;1;;0;0;0;0;0;0;0;0;0;0;20,7;0;0;0;0;0;0;0;14;0,6;0;9;13,8;0;0;0;0;0;5,5;0;22,4;2,2;1;1;1;1;1;1;1;1;1;1;1;1;1;1;1;1;1;1;1;1;1;1;1;1;1;1;1;1;1;1;1
469001;1;01/06/2018;1;45,1;161;30;17;1;1;1;;0;0,1;4,1;22,6;17,9;0,5;0,1;0;0;0;0,3;19,9;0;0;0;0;0;0;0;0;0;0;2,5;13,4;4,7;5,2;0,3;21,7;1,6;1;45,1;;1;1;1;1;1;1;1;1;1;1;1;1;1;1;1;1;1;1;1;1;1;1;1;1;1;1;1;1;1;1;0
469001;1;01/05/2018;1;60,3;267,7;8;26;1;1;1;;0;0;0,3;11,3;0,1;1,2;13,3;19,8;60,3;7,2;0,9;0;0,6;14,2;0,3;6,5;0;53,3;0;5,3;3,6;2,3;0,2;5,3;13,3;2,1;2,3;9,3;1;33,5;0;0,2;1;1;1;1;1;1;1;1;1;1;1;1;1;1;1;1;1;1;1;1;1;1;1;1;1;1;1;1;1;1;1
469001;1;01/04/2018;1;51,1;236,2;22;23;1;1;1;;0;31,6;0;3,6;4,7;0,2;0;7,6;1,7;1,6;0;0;22,9;0;9,6;9,8;7,6;6,9;4,2;4,1;0,3;13,3;51,1;0;4,6;7,3;29,2;0;3,2;7,6;3,5;;1;1;1;1;1;1;1;1;1;1;1;1;1;1;1;1;1;1;1;1;1;1;1;1;1;1;1;1;1;1;0
469001;1;01/03/2018;1;58,2;281;18;18;1;1;1;;0;0;37,9;0;0;0;0;0;29,1;4,2;39,1;9,7;0;3,8;1,7;3,3;0;0;58,2;0;0;8,5;9,6;9,5;5,6;0;15,8;4,1;0;32,5;3,2;5,2;1;1;1;1;1;1;1;1;1;1;1;1;1;1;1;1;1;1;1;1;1;1;1;1;1;1;1;1;1;1;1
469001;1;01/02/2018;1;76,5;389,1;27;23;1;1;1;;0;27;7;6;0;46;15,5;26,5;0,4;1,1;0;0;47;8;41,7;15,2;14;2,1;9,2;0,9;0,7;0;2,3;15,5;2,3;7,5;16,7;76,5;0;;;;1;1;1;1;1;1;1;1;1;1;1;1;1;1;1;1;1;1;1;1;1;1;1;1;1;1;1;1;0;0;0
469001;1;01/01/2018;1;126,6;317,2;16;20;1;1;1;;0;0;27;0;0;0;0;6,4;3;0;2,8;4,5;2,2;0;4,4;16,7;126,6;7,6;0,6;0,5;19,3;0;1,5;27,3;1,2;16,2;1,6;46,3;0;0;0;1,5;1;1;1;1;1;1;1;1;1;1;1;1;1;1;1;1;1;1;1;1;1;1;1;1;1;1;1;1;1;1;1
469001;1;01/12/2017;1;70,8;151,8;16;14;1;1;1;;0;0;0;0;0;1,8;2,8;0;0;0;0;0;0;0;0;0;70,8;0,2;3,4;0;26,5;3,8;3,6;2,3;0;1,9;6,2;14,3;2,8;11,4;0;0;1;1;1;1;1;1;1;1;1;1;1;1;1;1;1;1;1;1;1;1;1;1;1;1;1;1;1;1;1;1;1
469001;1;01/11/2017;1;79,6;305,9;10;12;1;1;1;;0;0;0;0;0;0;19,1;0;0;0;79,6;26,9;0;31,7;1,7;0;0;76,3;3,7;0;9,1;0;0;0;0,8;0;0;1,7;38,4;16,9;0;;1;1;1;1;1;1;1;1;1;1;1;1;1;1;1;1;1;1;1;1;1;1;1;1;1;1;1;1;1;1;0
469001;1;01/10/2017;1;69,1;229,4;1;16;1;1;1;;0;69,1;0,2;0;15,2;0,1;16;0;0,1;0;0;0;38,8;3,6;0;0,1;0;0;22,5;0;16,5;1;39,5;0;0;0;0;1,3;0;4,1;0;1,3;1;1;1;1;1;1;1;1;1;1;1;1;1;1;1;1;1;1;1;1;1;1;1;1;1;1;1;1;1;1;1
469001;1;01/09/2017;1;53,1;283,6;16;17;1;1;1;;0;1,9;0;8,5;0;42,1;0;0;3,3;0,5;0;5;1,4;23,1;0;10,7;53,1;12,9;0;0;0;0;0;0,7;31,9;12;0,1;0;0;44,3;32,1;;1;1;1;1;1;1;1;1;1;1;1;1;1;1;1;1;1;1;1;1;1;1;1;1;1;1;1;1;1;1;0
469001;1;01/08/2017;1;32,8;124,9;21;13;1;1;1;;0;0;0;0;3,1;0;0;0;7,5;0,7;0;0;0;0;0;28,9;1,2;1,2;0;0;0;32,8;4,2;0;6,7;0;26,9;2,9;0;0,7;8,1;0;1;1;1;1;1;1;1;1;1;1;1;1;1;1;1;1;1;1;1;1;1;1;1;1;1;1;1;1;1;1;1
469001;1;01/07/2017;1;22,2;46,7;26;5;1;1;1;;0;0;0;0;0;0;0;0;0;0;0;0;0;0;0;0;0,9;0;8;0;0;0;0;0;0;10,8;22,2;0;0;0;4,8;0;1;1;1;1;1;1;1;1;1;1;1;1;1;1;1;1;1;1;1;1;1;1;1;1;1;1;1;1;1;1;1
469001;1;01/06/2017;1;54,1;138,6;1;12;1;1;1;;0;54,1;0,5;6;0;0;1;44;0;0;13,1;3,6;0;1,5;0;5,1;0;0;0;0;2;0;0;0;0;0;3,8;0;3,9;0;0;;1;1;1;1;1;1;1;1;1;1;1;1;1;1;1;1;1;1;1;1;1;1;1;1;1;1;1;1;1;1;0
469001;1;01/05/2017;1;26,5;109,4;22;10;1;1;1;;0;0;0;0;0;0;0;15,3;0;0;0;0;0;5,3;0,9;0;0;0;5,7;0;22,7;24,3;26,5;1,9;1,5;0;0;0;5,3;0;0;0;1;1;1;1;1;1;1;1;1;1;1;1;1;1;1;1;1;1;1;1;1;1;1;1;1;1;1;1;1;1;1
469001;1;01/04/2017;1;55;290,7;11;17;1;1;1;;0;1,9;0;45,9;13,5;1,7;0;5,3;6;0;0,2;55;52;0;31,5;0;0;12,3;16,8;0;2,5;0;0;0;1,5;0;0;26,3;13,8;4,5;0;;1;1;1;1;1;1;1;1;1;1;1;1;1;1;1;1;1;1;1;1;1;1;1;1;1;1;1;1;1;1;0
469001;1;01/03/2017;1;99,5;413,3;2;16;1;1;1;;0;0;99,5;20,5;23;13,4;3,4;23,3;13,5;3,7;0;23;13;0;0;0;0;98,7;5,1;0;0;0;0;0;26,7;16,7;1,6;28,2;0;0;0;0;1;1;1;1;1;1;1;1;1;1;1;1;1;1;1;1;1;1;1;1;1;1;1;1;1;1;1;1;1;1;1
469001;1;01/02/2017;1;73,9;285,1;26;14;1;1;1;;0;0;11,2;0;8,3;0;64,8;0;0;3,4;48,6;0;0;13,7;0,5;28,6;0;0;0;0;0;3,7;0;19,9;0,3;3,7;73,9;0;4,5;;;;1;1;1;1;1;1;1;1;1;1;1;1;1;1;1;1;1;1;1;1;1;1;1;1;1;1;1;1;0;0;0
469001;1;01/01/2017;1;108,5;485,5;30;19;1;1;1;;0;23,7;2,3;2,3;0;0;6,8;31,5;2,7;0;40,7;0;8,3;0;0;0;22,5;7,5;0;77,7;26,2;56,8;2;0;0;0;0;61,8;2,8;1,2;108,5;0,2;1;1;1;1;1;1;1;1;1;1;1;1;1;1;1;1;1;1;1;1;1;1;1;1;1;1;1;1;1;1;1
469001;1;01/12/2016;1;62,5;270,8;12;17;1;1;1;;0;26,1;0;0;0;0;4;0;8,5;0;22,5;16,4;62,5;2,3;0;0,2;29,2;0;0;13,2;0,5;1;0;0;0;0;0;40;12,5;8,7;22,7;0,5;1;1;1;1;1;1;1;1;1;1;1;1;1;1;1;1;1;1;1;1;1;1;1;1;1;1;1;1;1;1;1
469001;1;01/11/2016;1;36,8;149,8;4;11;1;1;1;;0;3,6;0;0;36,8;0,2;0;0;0;24,2;16,2;0;11,8;0;29,1;0;0;0;0;0;0;0;0;0;5,9;11,8;9,6;0;0;0,6;0;;1;1;1;1;1;1;1;1;1;1;1;1;1;1;1;1;1;1;1;1;1;1;1;1;1;1;1;1;1;1;0
469001;1;01/10/2016;1;61,5;167,1;2;14;1;1;1;;0;0,5;61,5;15,1;41,8;0;0;11,8;1,2;2,8;0;6;0,8;4,8;0;0;0;0;0;0;0;3,2;0;0,8;0;0;0;0;14,8;0;2;0;1;1;1;1;1;1;1;1;1;1;1;1;1;1;1;1;1;1;1;1;1;1;1;1;1;1;1;1;1;1;1
469001;1;01/09/2016;1;41,8;125,9;30;9;1;1;1;;0;1,8;0;0;0;30,6;0;0;0;0;0;1,2;0;0;5,2;0;0;0;0;8,2;0;21,5;0;0;0;0;3,3;12,3;0;0;41,8;;1;1;1;1;1;1;1;1;1;1;1;1;1;1;1;1;1;1;1;1;1;1;1;1;1;1;1;1;1;1;0
469001;1;01/08/2016;1;42,5;88,2;30;7;1;1;1;;0;0;0;18,9;0;0;0;0;0;0;6,2;1,5;0;0;0;0;0;0,1;12,1;0;0;0;6,9;0;0;0;0;0;0;0;42,5;0;1;1;1;1;1;1;1;1;1;1;1;1;1;1;1;1;1;1;1;1;1;1;1;1;1;1;1;1;1;1;1
469001;1;01/07/2016;1;32,6;151,4;10;20;1;1;1;;0;0;0,2;6,8;19,1;0;0,2;11,5;0,2;2,5;32,6;0;2,3;2,4;6,5;21,6;0;8,1;0;0;0;0;14,1;12,9;0;0;1,1;0,2;4,7;2,1;2,3;0;1;1;1;1;1;1;1;1;1;1;1;1;1;1;1;1;1;1;1;1;1;1;1;1;1;1;1;1;1;1;1
469001;1;01/06/2016;1;13,5;58,4;28;;1;1;0;;0;;;;;;;;;;;;;;;;;0;0;0;0;0;8,5;7,6;1,7;13,3;8,6;2,4;13,5;2,3;0,5;;0;0;0;0;0;0;0;0;0;0;0;0;0;0;0;0;4;1;1;1;1;1;1;1;1;1;1;1;1;1;0
469001;2;01/12/1998;1;;80,8;;;0;2;0;0;1;;;;;;;;;;;;;;;;;;;;;;;;;;;;;;;;0;0;0;0;0;0;0;0;0;0;0;0;0;0;0;0;0;0;0;0;0;0;0;0;0;0;0;0;0;0;0
469001;1;01/12/1998;1;;;;;0;0;0;0;1;;;;;;;;;;;;;;;;;;;;;;;;;;;;;;;;0;0;0;0;0;0;0;0;0;0;0;0;0;0;0;0;0;0;0;0;0;0;0;0;0;0;0;0;0;0;0
469001;2;01/11/1998;1;;;;;0;0;0;0;1;;;;;;;;;;;;;;;;;;;;;;;;;;;;;;;;0;0;0;0;0;0;0;0;0;0;0;0;0;0;0;0;0;0;0;0;0;0;0;0;0;0;0;0;0;0;0
469001;1;01/11/1998;1;;;;;0;0;0;0;1;;;;;;;;;;;;;;;;;;;;;;;;;;;;;;;;0;0;0;0;0;0;0;0;0;0;0;0;0;0;0;0;0;0;0;0;0;0;0;0;0;0;0;0;0;0;0
469001;2;01/10/1998;1;;;;;0;0;0;0;1;;;;;;;;;;;;;;;;;;;;;;;;;;;;;;;;0;0;0;0;0;0;0;0;0;0;0;0;0;0;0;0;0;0;0;0;0;0;0;0;0;0;0;0;0;0;0
469001;1;01/10/1998;1;;;;;0;0;0;0;1;;;;;;;;;;;;;;;;;;;;;;;;;;;;;;;;0;0;0;0;0;0;0;0;0;0;0;0;0;0;0;0;0;0;0;0;0;0;0;0;0;0;0;0;0;0;0
469001;2;01/09/1998;1;;;;;0;0;0;0;1;;;;;;;;;;;;;;;;;;;;;;;;;;;;;;;;0;0;0;0;0;0;0;0;0;0;0;0;0;0;0;0;0;0;0;0;0;0;0;0;0;0;0;0;0;0;0
469001;1;01/09/1998;1;;;;;0;0;0;0;1;;;;;;;;;;;;;;;;;;;;;;;;;;;;;;;;0;0;0;0;0;0;0;0;0;0;0;0;0;0;0;0;0;0;0;0;0;0;0;0;0;0;0;0;0;0;0
469001;2;01/08/1998;1;33,6;112,6;6;6;1;1;0;0;1;0;0;0;0;0;33,6;0;0;0;23,6;0;0;0;14,4;0;0;0;0;7,7;0;0;25,7;0;0;0;0;0;7,6;0;0;0;1;1;1;1;1;1;1;1;1;1;1;1;1;1;1;1;1;1;1;1;1;1;1;1;1;1;1;1;1;1;1
469001;1;01/08/1998;1;33,6;112,6;6;6;1;1;1;0;1;0;0;0;0;0;33,6;0;0;0;23,6;0;0;0;14,4;0;0;0;0;7,7;0;0;25,7;0;0;0;0;0;7,6;0;0;0;1;1;1;1;1;1;1;1;1;1;1;1;1;1;1;1;1;1;1;1;1;1;1;1;1;1;1;1;1;1;1
469001;2;01/07/1998;1;;;;;0;0;0;0;1;;;;;;;;;;;;;;;;;;;;;;;;;;;;;;;;0;0;0;0;0;0;0;0;0;0;0;0;0;0;0;0;0;0;0;0;0;0;0;0;0;0;0;0;0;0;0
469001;1;01/07/1998;1;;;;;0;0;0;0;1;;;;;;;;;;;;;;;;;;;;;;;;;;;;;;;;0;0;0;0;0;0;0;0;0;0;0;0;0;0;0;0;0;0;0;0;0;0;0;0;0;0;0;0;0;0;0
469001;2;01/06/1998;1;61,8;160,2;1;8;1;1;0;0;1;61,8;2,6;0;0,6;0;0;0;0;55,8;18,2;0;0;0;0;1,9;0;0;0;0;6,7;12,6;0;0;0;0;0;0;0;0;0;;1;1;1;1;1;1;1;1;1;1;1;1;1;1;1;1;1;1;1;1;1;1;1;1;1;1;1;1;1;1;0
469001;1;01/06/1998;1;61,8;160,2;1;8;1;1;1;0;1;61,8;2,6;0;0,6;0;0;0;0;55,8;18,2;0;0;0;0;1,9;0;0;0;0;6,7;12,6;0;0;0;0;0;0;0;0;0;;1;1;1;1;1;1;1;1;1;1;1;1;1;1;1;1;1;1;1;1;1;1;1;1;1;1;1;1;1;1;0
469001;2;01/05/1998;1;58,7;273,5;29;16;1;1;0;0;1;0;0;6,7;0;12,5;0;0;0;4,8;8,6;0;0;0;28,6;12,9;0;2,6;16,4;0;0;44,3;12,6;0;2,4;0;16,4;2,9;0;58,7;16,7;26,4;1;1;1;1;1;1;1;1;1;1;1;1;1;1;1;1;1;1;1;1;1;1;1;1;1;1;1;1;1;1;1
469001;1;01/05/1998;1;58,7;273,5;29;16;1;1;1;0;1;0;0;6,7;0;12,5;0;0;0;4,8;8,6;0;0;0;28,6;12,9;0;2,6;16,4;0;0;44,3;12,6;0;2,4;0;16,4;2,9;0;58,7;16,7;26,4;1;1;1;1;1;1;1;1;1;1;1;1;1;1;1;1;1;1;1;1;1;1;1;1;1;1;1;1;1;1;1
469001;2;01/04/1998;1;26,5;133,9;5;16;1;1;0;0;1;12,8;6;0;0;26,5;6;0;0;0;8,5;2,8;4,2;16,9;0;0;0;0;12,8;6,4;2,6;8,4;0;0;6,6;2,2;0;0;0;8,6;2,6;;1;1;1;1;1;1;1;1;1;1;1;1;1;1;1;1;1;1;1;1;1;1;1;1;1;1;1;1;1;1;0
469001;1;01/04/1998;1;26,5;133,9;5;16;1;1;1;0;1;12,8;6;0;0;26,5;6;0;0;0;8,5;2,8;4,2;16,9;0;0;0;0;12,8;6,4;2,6;8,4;0;0;6,6;2,2;0;0;0;8,6;2,6;;1;1;1;1;1;1;1;1;1;1;1;1;1;1;1;1;1;1;1;1;1;1;1;1;1;1;1;1;1;1;0
469001;2;01/03/1998;1;137;201,8;6;11;1;1;0;0;1;0;0;0;0,8;4,8;137;2,6;0;32,3;0;0;0;4,5;0;0;0;2,6;0;8,4;1,2;0;0;0;6,4;1,2;0;0;0;0;0;0;1;1;1;1;1;1;1;1;1;1;1;1;1;1;1;1;1;1;1;1;1;1;1;1;1;1;1;1;1;1;1
469001;1;01/03/1998;1;137;201,8;6;11;1;1;1;0;1;0;0;0;0,8;4,8;137;2,6;0;32,3;0;0;0;4,5;0;0;0;2,6;0;8,4;1,2;0;0;0;6,4;1,2;0;0;0;0;0;0;1;1;1;1;1;1;1;1;1;1;1;1;1;1;1;1;1;1;1;1;1;1;1;1;1;1;1;1;1;1;1
469001;2;01/02/1998;1;6,3;28,4;1;9;1;1;0;0;1;6,3;0;1,6;0;0;0;0;0;0;6,3;2,8;0;0;4,6;0,6;0;0;0;0;0;0;1,8;0,2;0;0;0;4,2;0;;;;1;1;1;1;1;1;1;1;1;1;1;1;1;1;1;1;1;1;1;1;1;1;1;1;1;1;1;1;0;0;0
469001;1;01/02/1998;1;6,3;28,4;1;9;1;1;1;0;1;6,3;0;1,6;0;0;0;0;0;0;6,3;2,8;0;0;4,6;0,6;0;0;0;0;0;0;1,8;0,2;0;0;0;4,2;0;;;;1;1;1;1;1;1;1;1;1;1;1;1;1;1;1;1;1;1;1;1;1;1;1;1;1;1;1;1;0;0;0
469001;2;01/01/1998;1;76,7;272,7;14;13;1;1;0;0;1;0;8,6;0;14,6;0,2;0;0;0;8,7;0;0;69,8;48,2;76,7;18,9;0;0;0;0;2,6;0,8;0;0;0;2,2;0;0;16,6;4,8;0;0;1;1;1;1;1;1;1;1;1;1;1;1;1;1;1;1;1;1;1;1;1;1;1;1;1;1;1;1;1;1;1
469001;1;01/01/1998;1;76,7;272,7;14;13;1;1;1;0;1;0;8,6;0;14,6;0,2;0;0;0;8,7;0;0;69,8;48,2;76,7;18,9;0;0;0;0;2,6;0,8;0;0;0;2,2;0;0;16,6;4,8;0;0;1;1;1;1;1;1;1;1;1;1;1;1;1;1;1;1;1;1;1;1;1;1;1;1;1;1;1;1;1;1;1
469001;2;01/12/1997;1;38,6;229,3;23;17;1;1;0;1074,9;1;26,4;6,8;13,2;0;6;0;0;17,9;8;0,2;0;27,4;12,7;0;3,8;0;21,5;6,8;12;0;0;0;38,6;9;0;0;12,8;6,2;0;0;0;1;1;1;1;1;1;1;1;1;1;1;1;1;1;1;1;1;1;1;1;1;1;1;1;1;1;1;1;1;1;1
469001;1;01/12/1997;1;38,6;229,3;23;17;1;1;1;1074,9;1;26,4;6,8;13,2;0;6;0;0;17,9;8;0,2;0;27,4;12,7;0;3,8;0;21,5;6,8;12;0;0;0;38,6;9;0;0;12,8;6,2;0;0;0;1;1;1;1;1;1;1;1;1;1;1;1;1;1;1;1;1;1;1;1;1;1;1;1;1;1;1;1;1;1;1
469001;2;01/11/1997;1;28,9;185,9;22;14;1;1;0;1074,9;1;6,3;12,4;26,3;28,6;0,7;0;8,2;0;0;18,6;0;9,6;0;26,7;6,4;0;0;0,7;8,3;4,2;0;28,9;0;0;0;0;0;0;0;0;;1;1;1;1;1;1;1;1;1;1;1;1;1;1;1;1;1;1;1;1;1;1;1;1;1;1;1;1;1;1;0
469001;1;01/11/1997;1;28,9;185,9;22;14;1;1;1;1074,9;1;6,3;12,4;26,3;28,6;0,7;0;8,2;0;0;18,6;0;9,6;0;26,7;6,4;0;0;0,7;8,3;4,2;0;28,9;0;0;0;0;0;0;0;0;;1;1;1;1;1;1;1;1;1;1;1;1;1;1;1;1;1;1;1;1;1;1;1;1;1;1;1;1;1;1;0
469001;2;01/10/1997;1;18,4;60,9;29;9;1;1;0;1074,9;1;0;0;0;7,3;0;0;0;0;2,2;13,6;2,6;0;0;0;0;0;0;0;7,2;0;0;0;0;0;0;2,4;0;0,6;18,4;6,6;0;1;1;1;1;1;1;1;1;1;1;1;1;1;1;1;1;1;1;1;1;1;1;1;1;1;1;1;1;1;1;1
469001;1;01/10/1997;1;18,4;60,9;29;9;1;1;1;1074,9;1;0;0;0;7,3;0;0;0;0;2,2;13,6;2,6;0;0;0;0;0;0;0;7,2;0;0;0;0;0;0;2,4;0;0,6;18,4;6,6;0;1;1;1;1;1;1;1;1;1;1;1;1;1;1;1;1;1;1;1;1;1;1;1;1;1;1;1;1;1;1;1
469001;2;01/09/1997;1;37,6;114;11;10;1;1;0;1074,9;1;0;0;16,8;0,7;0;0;0,1;0;0;0;37,6;0,7;19,6;12,7;6,2;0;0;0;0;0;12,6;7;0;0;0;0;0;0;0;0;;1;1;1;1;1;1;1;1;1;1;1;1;1;1;1;1;1;1;1;1;1;1;1;1;1;1;1;1;1;1;0
469001;1;01/09/1997;1;37,6;114;11;10;1;1;1;1074,9;1;0;0;16,8;0,7;0;0;0,1;0;0;0;37,6;0,7;19,6;12,7;6,2;0;0;0;0;0;12,6;7;0;0;0;0;0;0;0;0;;1;1;1;1;1;1;1;1;1;1;1;1;1;1;1;1;1;1;1;1;1;1;1;1;1;1;1;1;1;1;0
469001;2;01/08/1997;1;22,7;58,8;17;7;1;1;0;1074,9;1;0;0;6,4;0;0;0;0;0,2;0;0;12,7;6;0;0;8,8;0;22,7;2;0;0;0;0;0;0;0;0;0;0;0;0;0;1;1;1;1;1;1;1;1;1;1;1;1;1;1;1;1;1;1;1;1;1;1;1;1;1;1;1;1;1;1;1
469001;1;01/08/1997;1;22,7;58,8;17;7;1;1;1;1074,9;1;0;0;6,4;0;0;0;0;0,2;0;0;12,7;6;0;0;8,8;0;22,7;2;0;0;0;0;0;0;0;0;0;0;0;0;0;1;1;1;1;1;1;1;1;1;1;1;1;1;1;1;1;1;1;1;1;1;1;1;1;1;1;1;1;1;1;1
469001;2;01/07/1997;1;4,2;9,2;20;4;1;1;0;1074,9;1;0;0;2,6;0;0,2;0;0;0;0;0;0;0;0;0;0;0;0;0;0;4,2;0;0;0;0;0;0;0;0;2,2;0;0;1;1;1;1;1;1;1;1;1;1;1;1;1;1;1;1;1;1;1;1;1;1;1;1;1;1;1;1;1;1;1
469001;1;01/07/1997;1;4,2;9,2;20;4;1;1;1;1074,9;1;0;0;2,6;0;0,2;0;0;0;0;0;0;0;0;0;0;0;0;0;0;4,2;0;0;0;0;0;0;0;0;2,2;0;0;1;1;1;1;1;1;1;1;1;1;1;1;1;1;1;1;1;1;1;1;1;1;1;1;1;1;1;1;1;1;1
469001;2;01/06/1997;1;14;45;12;8;1;1;0;1074,9;1;12,4;3,2;0;0;0;0;0;0;0;0;2,6;14;0;0;0;0,2;0;0;0;2,4;0;0;0;0;6,2;0;0;0;4;0;;1;1;1;1;1;1;1;1;1;1;1;1;1;1;1;1;1;1;1;1;1;1;1;1;1;1;1;1;1;1;0
469001;1;01/06/1997;1;14;45;12;8;1;1;1;1074,9;1;12,4;3,2;0;0;0;0;0;0;0;0;2,6;14;0;0;0;0,2;0;0;0;2,4;0;0;0;0;6,2;0;0;0;4;0;;1;1;1;1;1;1;1;1;1;1;1;1;1;1;1;1;1;1;1;1;1;1;1;1;1;1;1;1;1;1;0
469001;2;01/05/1997;1;18,4;40;26;7;1;1;0;1074,9;1;0;0;2,6;0;0;0;0;6,4;0;0;0;0;2,6;0;0;4,7;0;0;0;0;0;0;0;0;0;18,4;2,7;0;0;0;2,6;1;1;1;1;1;1;1;1;1;1;1;1;1;1;1;1;1;1;1;1;1;1;1;1;1;1;1;1;1;1;1
469001;1;01/05/1997;1;18,4;40;26;7;1;1;1;1074,9;1;0;0;2,6;0;0;0;0;6,4;0;0;0;0;2,6;0;0;4,7;0;0;0;0;0;0;0;0;0;18,4;2,7;0;0;0;2,6;1;1;1;1;1;1;1;1;1;1;1;1;1;1;1;1;1;1;1;1;1;1;1;1;1;1;1;1;1;1;1
469001;2;01/04/1997;1;12,8;42,7;14;9;1;1;0;1074,9;1;0;0;0;0;0;8,6;6,2;0;0;0;2,7;0;0;12,8;2;0;0;0;0;2,2;0;4,2;2;0;0;0;2;0;0;0;;1;1;1;1;1;1;1;1;1;1;1;1;1;1;1;1;1;1;1;1;1;1;1;1;1;1;1;1;1;1;0
469001;1;01/04/1997;1;12,8;42,7;14;9;1;1;1;1074,9;1;0;0;0;0;0;8,6;6,2;0;0;0;2,7;0;0;12,8;2;0;0;0;0;2,2;0;4,2;2;0;0;0;2;0;0;0;;1;1;1;1;1;1;1;1;1;1;1;1;1;1;1;1;1;1;1;1;1;1;1;1;1;1;1;1;1;1;0
469001;2;01/03/1997;1;24,9;99,1;5;14;1;1;0;1074,9;1;0;2,4;2,6;0;24,9;0;6,2;2,7;0;12,6;8,7;2,2;0;0;6,4;0;2,7;0;6;0;6,2;0;0;12,7;0;0;2,8;0;0;0;0;1;1;1;1;1;1;1;1;1;1;1;1;1;1;1;1;1;1;1;1;1;1;1;1;1;1;1;1;1;1;1
469001;1;01/03/1997;1;24,9;99,1;5;14;1;1;1;1074,9;1;0;2,4;2,6;0;24,9;0;6,2;2,7;0;12,6;8,7;2,2;0;0;6,4;0;2,7;0;6;0;6,2;0;0;12,7;0;0;2,8;0;0;0;0;1;1;1;1;1;1;1;1;1;1;1;1;1;1;1;1;1;1;1;1;1;1;1;1;1;1;1;1;1;1;1
469001;2;01/02/1997;1;26,2;157,8;21;19;1;1;0;1074,9;1;0;6,4;8;0,2;0;0;12;0;0;0;16;4;0;0;21,6;6,3;8,2;0,8;12;0,8;26,2;14;2,6;0;2,8;8,8;2,6;4,5;;;;1;1;1;1;1;1;1;1;1;1;1;1;1;1;1;1;1;1;1;1;1;1;1;1;1;1;1;1;0;0;0
469001;1;01/02/1997;1;26,2;157,8;21;19;1;1;1;1074,9;1;0;6,4;8;0,2;0;0;12;0;0;0;16;4;0;0;21,6;6,3;8,2;0,8;12;0,8;26,2;14;2,6;0;2,8;8,8;2,6;4,5;;;;1;1;1;1;1;1;1;1;1;1;1;1;1;1;1;1;1;1;1;1;1;1;1;1;1;1;1;1;0;0;0
469001;2;01/01/1997;1;13;32,2;8;7;1;1;0;1074,9;1;0;0,2;0;0;0;0;0;13;0;6,2;0;3,2;0;0;0;2,6;0;0;0;0;0;0,8;0;6,2;0;0;0;0;0;0;0;1;1;1;1;1;1;1;1;1;1;1;1;1;1;1;1;1;1;1;1;1;1;1;1;1;1;1;1;1;1;1
469001;1;01/01/1997;1;13;32,2;8;7;1;1;1;1074,9;1;0;0,2;0;0;0;0;0;13;0;6,2;0;3,2;0;0;0;2,6;0;0;0;0;0;0,8;0;6,2;0;0;0;0;0;0;0;1;1;1;1;1;1;1;1;1;1;1;1;1;1;1;1;1;1;1;1;1;1;1;1;1;1;1;1;1;1;1
469001;2;01/12/1996;1;34;162;4;12;1;1;0;849,8;1;18,4;0;0;34;0;12,6;0;26,8;0;0;0;18,4;0;0;12,6;0;2,6;0;0;0;0;6,8;0;0;0;18,6;2,6;0;2,6;0;6;1;1;1;1;1;1;1;1;1;1;1;1;1;1;1;1;1;1;1;1;1;1;1;1;1;1;1;1;1;1;1
469001;1;01/12/1996;1;34;162;4;12;1;1;1;849,8;1;18,4;0;0;34;0;12,6;0;26,8;0;0;0;18,4;0;0;12,6;0;2,6;0;0;0;0;6,8;0;0;0;18,6;2,6;0;2,6;0;6;1;1;1;1;1;1;1;1;1;1;1;1;1;1;1;1;1;1;1;1;1;1;1;1;1;1;1;1;1;1;1
469001;2;01/11/1996;1;28;106,1;19;10;1;1;0;849,8;1;6,4;2,2;0;0;0,2;0;0;12,8;20,6;0;0;0;8,2;0;0;0;0;0;28;4,4;0;0;0;0;18,9;4,4;0;0;0;0;;1;1;1;1;1;1;1;1;1;1;1;1;1;1;1;1;1;1;1;1;1;1;1;1;1;1;1;1;1;1;0
469001;1;01/11/1996;1;28;106,1;19;10;1;1;1;849,8;1;6,4;2,2;0;0;0,2;0;0;12,8;20,6;0;0;0;8,2;0;0;0;0;0;28;4,4;0;0;0;0;18,9;4,4;0;0;0;0;;1;1;1;1;1;1;1;1;1;1;1;1;1;1;1;1;1;1;1;1;1;1;1;1;1;1;1;1;1;1;0
469001;2;01/10/1996;1;9,6;29,4;19;6;1;1;0;849,8;1;0;0;0;0;0;0;6,8;2,2;0,6;0;0;0;0;0;0;0;0;0;9,6;0;2,2;0;0;0;0;0;0;0;8;0;0;1;1;1;1;1;1;1;1;1;1;1;1;1;1;1;1;1;1;1;1;1;1;1;1;1;1;1;1;1;1;1
469001;1;01/10/1996;1;9,6;29,4;19;6;1;1;1;849,8;1;0;0;0;0;0;0;6,8;2,2;0,6;0;0;0;0;0;0;0;0;0;9,6;0;2,2;0;0;0;0;0;0;0;8;0;0;1;1;1;1;1;1;1;1;1;1;1;1;1;1;1;1;1;1;1;1;1;1;1;1;1;1;1;1;1;1;1
469001;2;01/09/1996;1;12,6;27,2;22;6;1;1;0;849,8;1;0;0;0;0;0;0;2,2;0;0;0;0;0;4,6;0;0;0,8;0;0;0;0;0;12,6;4,4;0;0;0;0;0;2,6;0;;1;1;1;1;1;1;1;1;1;1;1;1;1;1;1;1;1;1;1;1;1;1;1;1;1;1;1;1;1;1;0
469001;1;01/09/1996;1;12,6;27,2;22;6;1;1;1;849,8;1;0;0;0;0;0;0;2,2;0;0;0;0;0;4,6;0;0;0,8;0;0;0;0;0;12,6;4,4;0;0;0;0;0;2,6;0;;1;1;1;1;1;1;1;1;1;1;1;1;1;1;1;1;1;1;1;1;1;1;1;1;1;1;1;1;1;1;0
469001;2;01/08/1996;1;4,7;6,9;7;3;1;1;0;849,8;1;0;0;0;0;0;0;4,7;2;0;0;0;0;0;0;0;0;0;0;0;0;0;0,2;0;0;0;0;0;0;0;0;0;1;1;1;1;1;1;1;1;1;1;1;1;1;1;1;1;1;1;1;1;1;1;1;1;1;1;1;1;1;1;1
469001;1;01/08/1996;1;4,7;6,9;7;3;1;1;1;849,8;1;0;0;0;0;0;0;4,7;2;0;0;0;0;0;0;0;0;0;0;0;0;0;0,2;0;0;0;0;0;0;0;0;0;1;1;1;1;1;1;1;1;1;1;1;1;1;1;1;1;1;1;1;1;1;1;1;1;1;1;1;1;1;1;1
469001;2;01/07/1996;1;9,6;15,2;25;6;1;1;0;849,8;1;0;0;0,2;0;0;0;0;0,4;2,6;0,2;0;0;0;0;0;0;2,2;0;0;0;0;0;0;0;9,6;0;0;0;0;0;0;1;1;1;1;1;1;1;1;1;1;1;1;1;1;1;1;1;1;1;1;1;1;1;1;1;1;1;1;1;1;1
469001;1;01/07/1996;1;9,6;15,2;25;6;1;1;1;849,8;1;0;0;0,2;0;0;0;0;0,4;2,6;0,2;0;0;0;0;0;0;2,2;0;0;0;0;0;0;0;9,6;0;0;0;0;0;0;1;1;1;1;1;1;1;1;1;1;1;1;1;1;1;1;1;1;1;1;1;1;1;1;1;1;1;1;1;1;1
469001;2;01/06/1996;1;12,6;39,4;8;7;1;1;0;849,8;1;0;0;2,6;0;0;0;0;12,6;0;0;4,6;0,2;0;0;0;0;0;8,6;0;0;0;2,2;0;0;0;0;0;0;0;8,6;;1;1;1;1;1;1;1;1;1;1;1;1;1;1;1;1;1;1;1;1;1;1;1;1;1;1;1;1;1;1;0
469001;1;01/06/1996;1;12,6;39,4;8;7;1;1;1;849,8;1;0;0;2,6;0;0;0;0;12,6;0;0;4,6;0,2;0;0;0;0;0;8,6;0;0;0;2,2;0;0;0;0;0;0;0;8,6;;1;1;1;1;1;1;1;1;1;1;1;1;1;1;1;1;1;1;1;1;1;1;1;1;1;1;1;1;1;1;0
469001;2;01/05/1996;1;14,2;58,6;20;12;1;1;0;849,8;1;0,2;0;0;12,6;0;0;6,4;0,2;0;0;0;0,6;2,4;0;0,2;0;0;12,8;6,4;14,2;0;0;0;0;0,2;0;0;0;0;2,4;0;1;1;1;1;1;1;1;1;1;1;1;1;1;1;1;1;1;1;1;1;1;1;1;1;1;1;1;1;1;1;1
469001;1;01/05/1996;1;14,2;58,6;20;12;1;1;1;849,8;1;0,2;0;0;12,6;0;0;6,4;0,2;0;0;0;0,6;2,4;0;0,2;0;0;12,8;6,4;14,2;0;0;0;0;0,2;0;0;0;0;2,4;0;1;1;1;1;1;1;1;1;1;1;1;1;1;1;1;1;1;1;1;1;1;1;1;1;1;1;1;1;1;1;1
469001;2;01/04/1996;1;18,4;54,6;18;11;1;1;0;849,8;1;0;0,6;4,6;12,6;0;0;0,6;0;0;2,4;0;0;0;0,2;0;0;0;18,4;6,2;0,2;0;0;0;0;8,6;0;0;0;0,2;0;;1;1;1;1;1;1;1;1;1;1;1;1;1;1;1;1;1;1;1;1;1;1;1;1;1;1;1;1;1;1;0
469001;1;01/04/1996;1;18,4;54,6;18;11;1;1;1;849,8;1;0;0,6;4,6;12,6;0;0;0,6;0;0;2,4;0;0;0;0,2;0;0;0;18,4;6,2;0,2;0;0;0;0;8,6;0;0;0;0,2;0;;1;1;1;1;1;1;1;1;1;1;1;1;1;1;1;1;1;1;1;1;1;1;1;1;1;1;1;1;1;1;0
469001;2;01/03/1996;1;18,6;84,6;3;7;1;1;0;849,8;1;0;0;18,6;0;0;6,8;0;17,6;0;18;0;0;0;0;0;0;0;0;0;0;0;0,2;0;18,6;0;0;4,8;0;0;0;0;1;1;1;1;1;1;1;1;1;1;1;1;1;1;1;1;1;1;1;1;1;1;1;1;1;1;1;1;1;1;1
469001;1;01/03/1996;1;18,6;84,6;3;7;1;1;1;849,8;1;0;0;18,6;0;0;6,8;0;17,6;0;18;0;0;0;0;0;0;0;0;0;0;0;0,2;0;18,6;0;0;4,8;0;0;0;0;1;1;1;1;1;1;1;1;1;1;1;1;1;1;1;1;1;1;1;1;1;1;1;1;1;1;1;1;1;1;1
469001;2;01/02/1996;1;28,6;185,2;15;15;1;1;0;849,8;1;6,4;0;8,4;16;4,3;18,6;0;6,2;0;12,6;28;14,2;0;4,1;28,6;18;0;17,2;0;0;0,6;0;0;0;0;0;0;2;0;;;1;1;1;1;1;1;1;1;1;1;1;1;1;1;1;1;1;1;1;1;1;1;1;1;1;1;1;1;1;0;0
469001;1;01/02/1996;1;28,6;185,2;15;15;1;1;1;849,8;1;6,4;0;8,4;16;4,3;18,6;0;6,2;0;12,6;28;14,2;0;4,1;28,6;18;0;17,2;0;0;0,6;0;0;0;0;0;0;2;0;;;1;1;1;1;1;1;1;1;1;1;1;1;1;1;1;1;1;1;1;1;1;1;1;1;1;1;1;1;1;0;0
469001;2;01/01/1996;1;29;80,6;31;9;1;1;0;849,8;1;0;0;2,6;0;18,2;8,6;0,2;0;0,6;0;18,6;0;0,2;0;0;0;0;0;0;0;0;0;0;0;0;0;0;2,6;0;0;29;1;1;1;1;1;1;1;1;1;1;1;1;1;1;1;1;1;1;1;1;1;1;1;1;1;1;1;1;1;1;1
469001;1;01/01/1996;1;29;80,6;31;9;1;1;1;849,8;1;0;0;2,6;0;18,2;8,6;0,2;0;0,6;0;18,6;0;0,2;0;0;0;0;0;0;0;0;0;0;0;0;0;0;2,6;0;0;29;1;1;1;1;1;1;1;1;1;1;1;1;1;1;1;1;1;1;1;1;1;1;1;1;1;1;1;1;1;1;1
469001;2;01/12/1995;1;40,6;210,3;27;15;1;1;0;1901,6;2;0;28,6;0;8,2;0;0,2;0;6,8;0;8,4;0;0;0;0;0;0;0;0;16,6;0;8,6;18,5;2,6;38,4;0;0;40,6;12;6,2;12;2,6;1;1;1;1;1;1;1;1;1;1;1;1;1;1;1;1;1;1;1;1;1;1;1;1;1;1;1;1;1;1;1
469001;1;01/12/1995;1;40,6;210,3;27;15;1;1;1;;0;0;28,6;0;8,2;0;0,2;0;6,8;0;8,4;0;0;0;0;0;0;0;0;16,6;0;8,6;18,5;2,6;38,4;0;0;40,6;12;6,2;12;2,6;1;1;1;1;1;1;1;1;1;1;1;1;1;1;1;1;1;1;1;1;1;1;1;1;1;1;1;1;1;1;1
469001;2;01/11/1995;1;32,6;156,2;21;12;1;1;0;1901,6;2;12,6;4;18,6;0;0;26,8;0,6;0;0;0;0;0;16,8;0;6,4;0;0;0;18,6;13;32,6;0;0;0;0;0,2;6;0;0;0;;1;1;1;1;1;1;1;1;1;1;1;1;1;1;1;1;1;1;1;1;1;1;1;1;1;1;1;1;1;1;0
469001;1;01/11/1995;1;32,6;156,2;21;12;1;1;1;;0;12,6;4;18,6;0;0;26,8;0,6;0;0;0;0;0;16,8;0;6,4;0;0;0;18,6;13;32,6;0;0;0;0;0,2;6;0;0;0;;1;1;1;1;1;1;1;1;1;1;1;1;1;1;1;1;1;1;1;1;1;1;1;1;1;1;1;1;1;1;0
469001;2;01/10/1995;1;;162;;;0;2;0;1901,6;2;0;0;4;0;0;0;2,6;12,8;0;28,2;42;12,6;0;0;14,6;0;0;0;0;0;0;0;0;0;0;11,2;0;0;0;0;;1;1;1;1;1;1;1;1;1;1;1;1;1;1;1;1;1;1;1;1;1;1;1;1;1;1;1;1;1;1;0
469001;1;01/10/1995;1;42;128;11;8;1;1;1;;0;0;0;4;0;0;0;2,6;12,8;0;28,2;42;12,6;0;0;14,6;0;0;0;0;0;0;0;0;0;0;11,2;0;0;0;0;0;1;1;1;1;1;1;1;1;1;1;1;1;1;1;1;1;1;1;1;1;1;1;1;1;1;1;1;1;1;1;1
469001;2;01/09/1995;1;4,8;165;14;5;1;2;0;1901,6;2;0;0;0;0;0;2,6;0;0;0;0;2,8;0;0;4,8;0;0;0;0;0,2;0;0;0;0;0;0;0;0;0;0;2,6;;1;1;1;1;1;1;1;1;1;1;1;1;1;1;1;1;1;1;1;1;1;1;1;1;1;1;1;1;1;1;0
469001;1;01/09/1995;1;4,8;13;14;5;1;1;1;;0;0;0;0;0;0;2,6;0;0;0;0;2,8;0;0;4,8;0;0;0;0;0,2;0;0;0;0;0;0;0;0;0;0;2,6;;1;1;1;1;1;1;1;1;1;1;1;1;1;1;1;1;1;1;1;1;1;1;1;1;1;1;1;1;1;1;0
469001;2;01/08/1995;1;25,9;34,5;11;6;1;1;0;1901,6;2;0;0;0;0,2;0;0;0;0;0;0;25,9;0;0;0;2,6;0;0;1,4;0;0;0;0;2,8;0;0;1,6;0;0;0;0;0;1;1;1;1;1;1;1;1;1;1;1;1;1;1;1;1;1;1;1;1;1;1;1;1;1;1;1;1;1;1;1
469001;1;01/08/1995;1;25,9;34,5;11;6;1;1;1;;0;0;0;0;0,2;0;0;0;0;0;0;25,9;0;0;0;2,6;0;0;1,4;0;0;0;0;2,8;0;0;1,6;0;0;0;0;0;1;1;1;1;1;1;1;1;1;1;1;1;1;1;1;1;1;1;1;1;1;1;1;1;1;1;1;1;1;1;1
469001;2;01/07/1995;1;2,7;66;1;11;1;2;0;1901,6;2;2,7;0;1,6;0;0;0,2;0;0;2,6;0;0;0,2;0;0;0,2;0;0;2,6;0;0;0,6;0;1,4;0;0;0;0;0;0,2;1,6;0;1;1;1;1;1;1;1;1;1;1;1;1;1;1;1;1;1;1;1;1;1;1;1;1;1;1;1;1;1;1;1
469001;1;01/07/1995;1;2,7;13,9;1;11;1;1;1;;0;2,7;0;1,6;0;0;0,2;0;0;2,6;0;0;0,2;0;0;0,2;0;0;2,6;0;0;0,6;0;1,4;0;0;0;0;0;0,2;1,6;0;1;1;1;1;1;1;1;1;1;1;1;1;1;1;1;1;1;1;1;1;1;1;1;1;1;1;1;1;1;1;1
469001;2;01/06/1995;1;17,2;189;21;13;1;2;0;1901,6;2;2,6;15,7;0,2;0;0,4;0;0;1,3;0;0,1;6,3;0;0;0;0;0;0;0;1,7;0,2;17,2;2,6;0;0;0,2;0;0;2,4;0;0;;1;1;1;1;1;1;1;1;1;1;1;1;1;1;1;1;1;1;1;1;1;1;1;1;1;1;1;1;1;1;0
469001;1;01/06/1995;1;17,2;50,9;21;13;1;1;1;;0;2,6;15,7;0,2;0;0,4;0;0;1,3;0;0,1;6,3;0;0;0;0;0;0;0;1,7;0,2;17,2;2,6;0;0;0,2;0;0;2,4;0;0;;1;1;1;1;1;1;1;1;1;1;1;1;1;1;1;1;1;1;1;1;1;1;1;1;1;1;1;1;1;1;0
469001;2;01/05/1995;1;33,9;195;19;17;1;2;0;1901,6;2;0;0;0;0,6;0,2;0;0;12,6;0;1,6;1,6;0;0;0,2;0;0;0;0,2;33,9;0;6,8;7,7;0;0,9;0,6;2,2;0;2,1;1,4;5,9;1,7;1;1;1;1;1;1;1;1;1;1;1;1;1;1;1;1;1;1;1;1;1;1;1;1;1;1;1;1;1;1;1
469001;1;01/05/1995;1;33,9;80,2;19;17;1;1;1;;0;0;0;0;0,6;0,2;0;0;12,6;0;1,6;1,6;0;0;0,2;0;0;0;0,2;33,9;0;6,8;7,7;0;0,9;0,6;2,2;0;2,1;1,4;5,9;1,7;1;1;1;1;1;1;1;1;1;1;1;1;1;1;1;1;1;1;1;1;1;1;1;1;1;1;1;1;1;1;1
469001;2;01/04/1995;1;68,6;122,2;3;16;1;1;0;1901,6;2;0,6;0,4;68,6;2,2;0,2;0;0;0;4,6;0;0;2,6;0,6;0;0,2;0;0;2,6;0;2,2;17,4;0,2;0;0,6;0;18,6;0;0;0,6;0;;1;1;1;1;1;1;1;1;1;1;1;1;1;1;1;1;1;1;1;1;1;1;1;1;1;1;1;1;1;1;0
469001;1;01/04/1995;1;68,6;122,2;3;16;1;1;1;;0;0,6;0,4;68,6;2,2;0,2;0;0;0;4,6;0;0;2,6;0,6;0;0,2;0;0;2,6;0;2,2;17,4;0,2;0;0,6;0;18,6;0;0;0,6;0;;1;1;1;1;1;1;1;1;1;1;1;1;1;1;1;1;1;1;1;1;1;1;1;1;1;1;1;1;1;1;0
469001;2;01/03/1995;1;68,7;315,6;3;19;1;1;0;1901,6;2;0;0;68,7;17,8;6,2;0;0,8;0,6;14,3;12,6;26;0,2;2,2;0;57,3;63,4;12,5;0;2,6;0,2;26,4;0;0;0,6;0;2,6;0;0;0,6;0;0;1;1;1;1;1;1;1;1;1;1;1;1;1;1;1;1;1;1;1;1;1;1;1;1;1;1;1;1;1;1;1
469001;1;01/03/1995;1;68,7;315,6;3;19;1;1;1;;0;0;0;68,7;17,8;6,2;0;0,8;0,6;14,3;12,6;26;0,2;2,2;0;57,3;63,4;12,5;0;2,6;0,2;26,4;0;0;0,6;0;2,6;0;0;0,6;0;0;1;1;1;1;1;1;1;1;1;1;1;1;1;1;1;1;1;1;1;1;1;1;1;1;1;1;1;1;1;1;1
469001;2;01/02/1995;1;43,3;123;24;15;1;1;0;1901,6;2;12,9;3;2;0;0;0,2;0;0;0,2;0;0,4;0;0;0;0,2;0,6;0,4;0;22,6;6,2;0;2,4;28,4;43,3;0;0;0,2;0;;;;1;1;1;1;1;1;1;1;1;1;1;1;1;1;1;1;1;1;1;1;1;1;1;1;1;1;1;1;0;0;0
469001;1;01/02/1995;1;43,3;123;24;15;1;1;1;;0;12,9;3;2;0;0;0,2;0;0;0,2;0;0,4;0;0;0;0,2;0,6;0,4;0;22,6;6,2;0;2,4;28,4;43,3;0;0;0,2;0;;;;1;1;1;1;1;1;1;1;1;1;1;1;1;1;1;1;1;1;1;1;1;1;1;1;1;1;1;1;0;0;0
469001;2;01/01/1995;1;38,6;162,8;28;21;1;1;0;1901,6;2;17,8;10,7;0,6;6,8;1,2;0;0;0;0;0;0;0;3,2;0;9,6;1,2;1;0,2;2,1;0;0;3,6;8;16,8;10,4;9,6;6;38,6;10,6;4,2;0,6;1;1;1;1;1;1;1;1;1;1;1;1;1;1;1;1;1;1;1;1;1;1;1;1;1;1;1;1;1;1;1
469001;1;01/01/1995;1;38,6;162,8;28;21;1;1;1;;0;17,8;10,7;0,6;6,8;1,2;0;0;0;0;0;0;0;3,2;0;9,6;1,2;1;0,2;2,1;0;0;3,6;8;16,8;10,4;9,6;6;38,6;10,6;4,2;0,6;1;1;1;1;1;1;1;1;1;1;1;1;1;1;1;1;1;1;1;1;1;1;1;1;1;1;1;1;1;1;1
469001;2;01/12/1994;1;28,9;250;24;19;1;2;0;2658,5;3;0;0;6,2;0;17,6;0;3,6;12,7;0;5,2;0;5,4;6,2;3;0;0;3,6;0;6,8;17;2;0;0;28,9;3,2;6,6;0,2;0;3,2;6,8;12,8;1;1;1;1;1;1;1;1;1;1;1;1;1;1;1;1;1;1;1;1;1;1;1;1;1;1;1;1;1;1;1
469001;1;01/12/1994;1;28,9;151;24;19;1;1;1;;0;0;0;6,2;0;17,6;0;3,6;12,7;0;5,2;0;5,4;6,2;3;0;0;3,6;0;6,8;17;2;0;0;28,9;3,2;6,6;0,2;0;3,2;6,8;12,8;1;1;1;1;1;1;1;1;1;1;1;1;1;1;1;1;1;1;1;1;1;1;1;1;1;1;1;1;1;1;1
469001;2;01/11/1994;1;86,6;264;18;22;1;2;0;2658,5;3;0,1;9,2;29,7;0,1;0;0;23,3;23,5;2,1;5,5;0;0;0;21,7;0,1;0;26,8;86,6;38,9;44,8;17,6;2;0,1;2,7;0;9,9;67,4;68,6;4,3;0;;1;1;1;1;1;1;1;1;1;1;1;1;1;1;1;1;1;1;1;1;1;1;1;1;1;1;1;1;1;1;0
469001;1;01/11/1994;1;86,6;485;18;22;1;1;1;;0;0,1;9,2;29,7;0,1;0;0;23,3;23,5;2,1;5,5;0;0;0;21,7;0,1;0;26,8;86,6;38,9;44,8;17,6;2;0,1;2,7;0;9,9;67,4;68,6;4,3;0;;1;1;1;1;1;1;1;1;1;1;1;1;1;1;1;1;1;1;1;1;1;1;1;1;1;1;1;1;1;1;0
469001;2;01/10/1994;1;45,9;179,3;14;22;1;1;0;2658,5;3;10,8;21,7;6,2;17,4;0,6;0,2;3,2;0,2;0;0;0;9,6;0,2;45,9;7;0;0,1;0;0,8;6,3;18,4;6,2;2,2;10,8;0,2;10,1;0;0;0;0;1,2;1;1;1;1;1;1;1;1;1;1;1;1;1;1;1;1;1;1;1;1;1;1;1;1;1;1;1;1;1;1;1
469001;1;01/10/1994;1;45,9;179,3;14;22;1;1;1;;0;10,8;21,7;6,2;17,4;0,6;0,2;3,2;0,2;0;0;0;9,6;0,2;45,9;7;0;0,1;0;0,8;6,3;18,4;6,2;2,2;10,8;0,2;10,1;0;0;0;0;1,2;1;1;1;1;1;1;1;1;1;1;1;1;1;1;1;1;1;1;1;1;1;1;1;1;1;1;1;1;1;1;1
469001;2;01/09/1994;1;36,4;199,6;19;26;1;1;0;2658,5;3;9,6;4;13,6;6;0,6;5,2;2,1;0,6;0,2;17,6;6,4;4,8;7,3;0,8;5,8;0,2;0;2,8;36,4;4,9;2,2;10,6;8,9;14,8;6,7;21,8;5,7;0;0;0;;1;1;1;1;1;1;1;1;1;1;1;1;1;1;1;1;1;1;1;1;1;1;1;1;1;1;1;1;1;1;0
469001;1;01/09/1994;1;36,4;199,6;19;26;1;1;1;;0;9,6;4;13,6;6;0,6;5,2;2,1;0,6;0,2;17,6;6,4;4,8;7,3;0,8;5,8;0,2;0;2,8;36,4;4,9;2,2;10,6;8,9;14,8;6,7;21,8;5,7;0;0;0;;1;1;1;1;1;1;1;1;1;1;1;1;1;1;1;1;1;1;1;1;1;1;1;1;1;1;1;1;1;1;0
469001;2;01/08/1994;1;31,2;259,4;24;30;1;1;0;2658,5;3;12,6;0,6;9,3;0,2;16,4;0,1;10,3;9,6;0,6;5;28,6;0;0,2;0,2;12,4;6,3;26,8;0,4;0,2;0,8;17,2;4,7;19;31,2;12,6;9,3;0,9;1,3;0,4;12,4;9,8;1;1;1;1;1;1;1;1;1;1;1;1;1;1;1;1;1;1;1;1;1;1;1;1;1;1;1;1;1;1;1
469001;1;01/08/1994;1;31,2;259,4;24;30;1;1;1;;0;12,6;0,6;9,3;0,2;16,4;0,1;10,3;9,6;0,6;5;28,6;0;0,2;0,2;12,4;6,3;26,8;0,4;0,2;0,8;17,2;4,7;19;31,2;12,6;9,3;0,9;1,3;0,4;12,4;9,8;1;1;1;1;1;1;1;1;1;1;1;1;1;1;1;1;1;1;1;1;1;1;1;1;1;1;1;1;1;1;1
469001;2;01/07/1994;1;18,7;160,4;4;24;1;1;0;2658,5;3;0;6,2;13,6;18,7;13,5;0;0;1,6;6,7;9,3;12,8;5,7;6,9;0,2;2,9;13,6;3,2;4,1;9;0;0,1;0,2;2,3;0,6;0;5,2;0;9,4;13,8;0;0,8;1;1;1;1;1;1;1;1;1;1;1;1;1;1;1;1;1;1;1;1;1;1;1;1;1;1;1;1;1;1;1
469001;1;01/07/1994;1;18,7;160,4;4;24;1;1;1;;0;0;6,2;13,6;18,7;13,5;0;0;1,6;6,7;9,3;12,8;5,7;6,9;0,2;2,9;13,6;3,2;4,1;9;0;0,1;0,2;2,3;0,6;0;5,2;0;9,4;13,8;0;0,8;1;1;1;1;1;1;1;1;1;1;1;1;1;1;1;1;1;1;1;1;1;1;1;1;1;1;1;1;1;1;1
469001;2;01/06/1994;1;76,5;194;9;23;1;2;0;2658,5;3;9,2;5,1;24,9;3,9;4,2;5,8;12,9;0,3;76,5;21,2;17,9;9,4;14,9;0,1;0,5;0;25,7;0;0;0;25,9;22,3;8,1;12,6;7,3;3,6;28,9;0;0;0;;1;1;1;1;1;1;1;1;1;1;1;1;1;1;1;1;1;1;1;1;1;1;1;1;1;1;1;1;1;1;0
469001;1;01/06/1994;1;76,5;341,2;9;23;1;1;1;;0;9,2;5,1;24,9;3,9;4,2;5,8;12,9;0,3;76,5;21,2;17,9;9,4;14,9;0,1;0,5;0;25,7;0;0;0;25,9;22,3;8,1;12,6;7,3;3,6;28,9;0;0;0;;1;1;1;1;1;1;1;1;1;1;1;1;1;1;1;1;1;1;1;1;1;1;1;1;1;1;1;1;1;1;0
469001;2;01/05/1994;1;52,9;191;18;26;1;2;0;2658,5;3;0;3,7;3;36,1;0;27,1;0,4;31,5;0;2,3;1;9,4;0;0,5;0,5;0,2;1,9;52,9;31,9;27,5;1,1;0;0,1;15,1;11,7;49,9;7,7;9,4;3,2;30;4,9;1;1;1;1;1;1;1;1;1;1;1;1;1;1;1;1;1;1;1;1;1;1;1;1;1;1;1;1;1;1;1
469001;1;01/05/1994;1;52,9;363;18;26;1;1;1;;0;0;3,7;3;36,1;0;27,1;0,4;31,5;0;2,3;1;9,4;0;0,5;0,5;0,2;1,9;52,9;31,9;27,5;1,1;0;0,1;15,1;11,7;49,9;7,7;9,4;3,2;30;4,9;1;1;1;1;1;1;1;1;1;1;1;1;1;1;1;1;1;1;1;1;1;1;1;1;1;1;1;1;1;1;1
469001;2;01/04/1994;1;45;196,8;13;22;3;3;0;2658,5;3;3,2;0;2,2;18,2;0,2;0;13,2;12,2;0;0;0,6;16;45;2,4;3,2;13;1,2;2;0;17;0;0,8;0;12,8;13,2;0;1,6;1,5;17,2;0,1;;1;1;1;1;1;1;3;3;1;1;1;1;1;1;1;1;1;1;1;1;1;1;1;1;3;1;1;1;1;1;0
469001;1;01/04/1994;1;45;196,8;13;22;1;1;1;;0;3,2;0;2,2;18,2;0,2;0;13,2;12,2;0;0;0,6;16;45;2,4;3,2;13;1,2;2;0;17;0;0,8;0;12,8;13,2;0;1,6;1,5;17,2;0,1;;1;1;1;1;1;1;1;1;1;1;1;1;1;1;1;1;1;1;1;1;1;1;1;1;1;1;1;1;1;1;0
469001;2;01/03/1994;1;;271;;;0;2;0;2658,5;3;;;;;;;;;;;;;;;;;;;;;;;;;;;;;;;;0;0;0;0;0;0;0;0;0;0;0;0;0;0;0;0;0;0;0;0;0;0;0;0;0;0;0;0;0;0;0
469001;2;01/02/1994;1;;225;;;0;2;0;2658,5;3;;;;;;;;;;;;;;;;;;;;;;;;;;;;;;;;0;0;0;0;0;0;0;0;0;0;0;0;0;0;0;0;0;0;0;0;0;0;0;0;0;0;0;0;0;0;0
469001;2;01/01/1994;1;;268;;;0;2;0;2658,5;3;;;;;;;;;;;;;;;;;;;;;;;;;;;;;;;;0;0;0;0;0;0;0;0;0;0;0;0;0;0;0;0;0;0;0;0;0;0;0;0;0;0;0;0;0;0;0
469001;2;01/12/1993;1;;275;;;0;2;0;2581;2;;;;;;;;;;;;;;;;;;;;;;;;;;;;;;;;0;0;0;0;0;0;0;0;0;0;0;0;0;0;0;0;0;0;0;0;0;0;0;0;0;0;0;0;0;0;0
469001;2;01/11/1993;1;;221;;;0;2;0;2581;2;;;;;;;;;;;;;;;;;;;;;;;;;;;;;;;;0;0;0;0;0;0;0;0;0;0;0;0;0;0;0;0;0;0;0;0;0;0;0;0;0;0;0;0;0;0;0
469001;2;01/10/1993;1;;188;;;0;2;0;2581;2;;;;;;;;;;;;;;;;;;;;;;;;;;;;;;;;0;0;0;0;0;0;0;0;0;0;0;0;0;0;0;0;0;0;0;0;0;0;0;0;0;0;0;0;0;0;0
469001;2;01/09/1993;1;;145;;;0;2;0;2581;2;0;0;0;38,6;0;10;0;36,4;0;0;12,8;0;6,2;0;8;43,6;3,8;0,6;;;;;;;;;;;;;;1;1;1;1;1;1;1;1;1;1;1;1;1;1;1;1;1;1;0;0;0;0;0;0;0;0;0;0;0;0;0
469001;1;01/09/1993;1;43,6;160;16;9;1;1;1;;0;0;0;0;38,6;0;10;0;36,4;0;0;12,8;0;6,2;0;8;43,6;3,8;0,6;;;;;;;;;;;;0;;1;1;1;1;1;1;1;1;1;1;1;1;1;1;1;1;1;1;0;0;0;0;0;0;0;0;0;0;0;4;0
469001;2;01/08/1993;1;57,6;243;27;14;1;1;0;2581;2;0;12;0;13;8,8;0;0;0;16,8;25;0;0;6,4;0;0;18,6;12,2;18,4;0;6,4;0;24,4;0;0;5,4;0;57,6;18;0;0;0;1;1;1;1;1;1;1;1;1;1;1;1;1;1;1;1;1;1;1;1;1;1;1;1;1;1;1;1;1;1;1
469001;1;01/08/1993;1;57,6;243;27;14;1;1;1;;0;0;12;0;13;8,8;0;0;0;16,8;25;0;0;6,4;0;0;18,6;12,2;18,4;0;6,4;0;24,4;0;0;5,4;0;57,6;18;0;0;0;1;1;1;1;1;1;1;1;1;1;1;1;1;1;1;1;1;1;1;1;1;1;1;1;1;1;1;1;1;1;1
469001;2;01/07/1993;1;30;94,8;30;13;1;1;0;2581;2;0;0;2,6;0;0;0;0;8;0;0;7,6;12,2;14,8;4;0;0;0;0;0;1,4;2,4;0;0;0,4;0;0;0;0,8;0,6;30;10;1;1;1;1;1;1;1;1;1;1;1;1;1;1;1;1;1;1;1;1;1;1;1;1;1;1;1;1;1;1;1
469001;1;01/07/1993;1;30;94,8;30;13;1;1;1;;0;0;0;2,6;0;0;0;0;8;0;0;7,6;12,2;14,8;4;0;0;0;0;0;1,4;2,4;0;0;0,4;0;0;0;0,8;0,6;30;10;1;1;1;1;1;1;1;1;1;1;1;1;1;1;1;1;1;1;1;1;1;1;1;1;1;1;1;1;1;1;1
469001;2;01/06/1993;1;31,5;76,4;25;13;1;2;0;2581;2;0;0;0;26,2;0;0;18,8;0;0;6,4;22,6;0;0;0;0;0;0;0;0;0;0;0,6;5;6,1;31,5;29,5;18;1,8;14,8;5,2;;1;1;1;1;1;1;1;1;1;1;1;1;1;1;1;1;1;1;1;1;1;1;1;1;1;1;1;1;1;1;0
469001;1;01/06/1993;1;31,5;186,5;25;13;1;1;1;;0;0;0;0;26,2;0;0;18,8;0;0;6,4;22,6;0;0;0;0;0;0;0;0;0;0;0,6;5;6,1;31,5;29,5;18;1,8;14,8;5,2;;1;1;1;1;1;1;1;1;1;1;1;1;1;1;1;1;1;1;1;1;1;1;1;1;1;1;1;1;1;1;0
469001;2;01/05/1993;1;44;285;4;6;1;2;0;2581;2;0;0;0;44;0;0;0;25;0;0;0;0;0;0;0;0;0;4,8;0;0;33,6;0;0;0;8,4;0;0;4,8;0;0;0;1;1;1;1;1;1;1;1;1;1;1;1;1;1;1;1;1;1;1;1;1;1;1;1;1;1;1;1;1;1;1
469001;1;01/05/1993;1;44;120,6;4;6;1;1;1;;0;0;0;0;44;0;0;0;25;0;0;0;0;0;0;0;0;0;4,8;0;0;33,6;0;0;0;8,4;0;0;4,8;0;0;0;1;1;1;1;1;1;1;1;1;1;1;1;1;1;1;1;1;1;1;1;1;1;1;1;1;1;1;1;1;1;1
469001;2;01/04/1993;1;64,6;333;8;19;1;2;0;2581;2;1,8;0;26,4;0;0;57,4;15,4;64,6;0;0;0;0;0;46,2;20;16,8;8,2;50;26,8;16,6;8,4;22;0;0;15,6;4,4;9,2;45,4;5,2;0;;1;1;1;1;1;1;1;1;1;1;1;1;1;1;1;1;1;1;1;1;1;1;1;1;1;1;1;1;1;1;0
469001;1;01/04/1993;1;64,6;460,4;8;19;1;1;1;;0;1,8;0;26,4;0;0;57,4;15,4;64,6;0;0;0;0;0;46,2;20;16,8;8,2;50;26,8;16,6;8,4;22;0;0;15,6;4,4;9,2;45,4;5,2;0;;1;1;1;1;1;1;1;1;1;1;1;1;1;1;1;1;1;1;1;1;1;1;1;1;1;1;1;1;1;1;0
469001;2;01/03/1993;1;63,8;286;5;15;1;2;0;2581;2;0;34;0;0;63,8;0;0;4,4;23,4;0;9,2;4,4;0;7;0;0;0;6,2;0;6,4;23;0;0;26,6;0;23;50;24,2;0;4,6;0;1;1;1;1;1;1;1;1;1;1;1;1;1;1;1;1;1;1;1;1;1;1;1;1;1;1;1;1;1;1;1
469001;1;01/03/1993;1;63,8;310,2;5;15;1;1;1;;0;0;34;0;0;63,8;0;0;4,4;23,4;0;9,2;4,4;0;7;0;0;0;6,2;0;6,4;23;0;0;26,6;0;23;50;24,2;0;4,6;0;1;1;1;1;1;1;1;1;1;1;1;1;1;1;1;1;1;1;1;1;1;1;1;1;1;1;1;1;1;1;1
469001;2;01/02/1993;1;70,2;215,6;4;11;1;1;0;2581;2;8,2;0;15,6;70,2;16;0;0;0;13,8;0;6,2;0;0;0;10,4;2,2;0;0;0;0;0;45,4;0;15;0;0;0;12,6;;;;1;1;1;1;1;1;1;1;1;1;1;1;1;1;1;1;1;1;1;1;1;1;1;1;1;1;1;1;0;0;0
469001;1;01/02/1993;1;70,2;215,6;4;11;1;1;1;;0;8,2;0;15,6;70,2;16;0;0;0;13,8;0;6,2;0;0;0;10,4;2,2;0;0;0;0;0;45,4;0;15;0;0;0;12,6;;;;1;1;1;1;1;1;1;1;1;1;1;1;1;1;1;1;1;1;1;1;1;1;1;1;1;1;1;1;0;0;0
469001;2;01/01/1993;1;43,2;218,2;25;13;1;1;0;2581;2;32,2;25,4;11,2;7;0;25;0;0;0;7,2;0;0;10,4;0;6,6;0;0;0;13,8;5,6;0;0;21,4;0;43,2;0;0;9,2;0;0;0;1;1;1;1;1;1;1;1;1;1;1;1;1;1;1;1;1;1;1;1;1;1;1;1;1;1;1;1;1;1;1
469001;1;01/01/1993;1;43,2;218,2;25;13;1;1;1;;0;32,2;25,4;11,2;7;0;25;0;0;0;7,2;0;0;10,4;0;6,6;0;0;0;13,8;5,6;0;0;21,4;0;43,2;0;0;9,2;0;0;0;1;1;1;1;1;1;1;1;1;1;1;1;1;1;1;1;1;1;1;1;1;1;1;1;1;1;1;1;1;1;1
469001;2;01/12/1992;1;36,2;246;28;13;1;1;0;2024,4;2;12,6;0;0;0;23,8;0;0;2,8;0;8,6;0;0;5,4;0;0;13,2;0;0;20,6;13,4;0;16,6;0;0;34;0;24,2;36,2;0;0;34,6;1;1;1;1;1;1;1;1;1;1;1;1;1;1;1;1;1;1;1;1;1;1;1;1;1;1;1;1;1;1;1
469001;1;01/12/1992;1;36,2;246;28;13;1;1;1;2599,8;1;12,6;0;0;0;23,8;0;0;2,8;0;8,6;0;0;5,4;0;0;13,2;0;0;20,6;13,4;0;16,6;0;0;34;0;24,2;36,2;0;0;34,6;1;1;1;1;1;1;1;1;1;1;1;1;1;1;1;1;1;1;1;1;1;1;1;1;1;1;1;1;1;1;1
469001;2;01/11/1992;1;28,8;109,6;4;8;1;1;0;2024,4;2;0;0;0;28,8;0;0;6,6;0;0;0;0;16,2;0;0;4,8;0;0;0;0;14,6;0;0;10,4;0;0;0;0;6,2;22;0;;1;1;1;1;1;1;1;1;1;1;1;1;1;1;1;1;1;1;1;1;1;1;1;1;1;1;1;1;1;1;0
469001;1;01/11/1992;1;28,8;109,6;4;8;1;1;1;2599,8;1;0;0;0;28,8;0;0;6,6;0;0;0;0;16,2;0;0;4,8;0;0;0;0;14,6;0;0;10,4;0;0;0;0;6,2;22;0;;1;1;1;1;1;1;1;1;1;1;1;1;1;1;1;1;1;1;1;1;1;1;1;1;1;1;1;1;1;1;0
469001;2;01/10/1992;1;22,2;99;13;10;1;1;0;2024,4;2;0;0;18;0;0;8;0;0;0;2,4;12,4;0;22,2;0;0;0;0;0;4;0;0;0;0;0;8,8;0;6,4;4,2;0;12,6;0;1;1;1;1;1;1;1;1;1;1;1;1;1;1;1;1;1;1;1;1;1;1;1;1;1;1;1;1;1;1;1
469001;1;01/10/1992;1;22,2;109;13;10;1;1;1;2599,8;1;0;0;18;0;0;8;0;0;0;12,4;12,4;0;22,2;0;0;0;0;0;4;0;0;0;0;0;8,8;0;6,4;4,2;0;12,6;0;1;1;1;1;1;1;1;1;1;1;1;1;1;1;1;1;1;1;1;1;1;1;1;1;1;1;1;1;1;1;1
469001;2;01/09/1992;1;45;170,2;20;11;1;1;0;2024,4;2;0;0;20;0;0;0;6,8;0;21;0;0;0;0;28;0;0;6,4;0;5,2;45;0;0;0;17,4;10;0;0;6;0;4,4;;1;1;1;1;1;1;1;1;1;1;1;1;1;1;1;1;1;1;1;1;1;1;1;1;1;1;1;1;1;1;0
469001;1;01/09/1992;1;45;170,4;20;11;1;1;1;2599,8;1;0;0;20;0;0;0;6,8;0;21;0;0;0;0;28;0;0;6,4;0;5,4;45;0;0;0;17,4;10;0;0;6;0;4,4;;1;1;1;1;1;1;1;1;1;1;1;1;1;1;1;1;1;1;1;1;1;1;1;1;1;1;1;1;1;1;0
469001;2;01/08/1992;1;33,8;185,6;8;8;1;1;0;2024,4;2;0;0;0;0;0;0;22,4;33,8;0;22,4;7,6;0;0;0;0;0;0;0;32;17;0;0;0;0;0;0;19,8;0;30,6;0;0;1;1;1;1;1;1;1;1;1;1;1;1;1;1;1;1;1;1;1;1;1;1;1;1;1;1;1;1;1;1;1
469001;1;01/08/1992;1;33,8;185,6;8;8;1;1;1;2599,8;1;0;0;0;0;0;0;22,4;33,8;0;22,4;7,6;0;0;0;0;0;0;0;32;17;0;0;0;0;0;0;19,8;0;30,6;0;0;1;1;1;1;1;1;1;1;1;1;1;1;1;1;1;1;1;1;1;1;1;1;1;1;1;1;1;1;1;1;1
469001;2;01/07/1992;1;18;55,8;3;6;1;1;0;2024,4;2;0;8;18;0;0;0;0;0;0;4,8;0;6,8;0;12,6;0;5,6;0;0;0;0;0;0;0;0;0;0;0;0;0;0;0;1;1;1;1;1;1;1;1;1;1;1;1;1;1;1;1;1;1;1;1;1;1;1;1;1;1;1;1;1;1;1
469001;1;01/07/1992;1;18;55,8;3;6;1;1;1;2599,8;1;0;8;18;0;0;0;0;0;0;4,8;0;6,8;0;12,6;0;5,6;0;0;0;0;0;0;0;0;0;0;0;0;0;0;0;1;1;1;1;1;1;1;1;1;1;1;1;1;1;1;1;1;1;1;1;1;1;1;1;1;1;1;1;1;1;1
469001;2;01/06/1992;1;24;162,8;17;13;1;1;0;2024,4;2;17;0;0;6,6;0;0;23,6;13;0;10,8;8,2;0;0;5,2;8,4;0;24;18;8,4;0;16;3,6;0;0;0;0;0;0;0;0;;1;1;1;1;1;1;1;1;1;1;1;1;1;1;1;1;1;1;1;1;1;1;1;1;1;1;1;1;1;1;0
469001;1;01/06/1992;1;24;162,8;17;13;1;1;1;2599,8;1;17;0;0;6,6;0;0;23,6;13;0;10,8;8,2;0;0;5,2;8,4;0;24;18;8,4;0;16;3,6;0;0;0;0;0;0;0;0;;1;1;1;1;1;1;1;1;1;1;1;1;1;1;1;1;1;1;1;1;1;1;1;1;1;1;1;1;1;1;0
469001;2;01/05/1992;1;75;196,4;9;11;1;1;0;2024,4;2;0;0;0;30,4;0;0;0;7;75;0;4;9,8;7,2;0;10,8;0;0;4,2;0;0;14;17,8;0;0;16,2;0;0;0;0;0;0;1;1;1;1;1;1;1;1;1;1;1;1;1;1;1;1;1;1;1;1;1;1;1;1;1;1;1;1;1;1;1
469001;1;01/05/1992;1;75;196,4;9;11;1;1;1;2599,8;1;0;0;0;30,4;0;0;0;7;75;0;4;9,8;7,2;0;10,8;0;0;4,2;0;0;14;17,8;0;0;16,2;0;0;0;0;0;0;1;1;1;1;1;1;1;1;1;1;1;1;1;1;1;1;1;1;1;1;1;1;1;1;1;1;1;1;1;1;1
469001;2;01/04/1992;1;203,2;210;8;11;1;2;0;2024,4;2;0;0;0;0;0;0;0;203,2;16,4;0;8;0;43,4;0;0;5,4;0;0;6;8,4;0;0;0;39,4;30,4;0;8,8;20,6;0;0;;1;1;1;1;1;1;1;1;1;1;1;1;1;1;1;1;1;1;1;1;1;1;1;1;1;1;1;1;1;1;0
469001;1;01/04/1992;1;203,2;390;8;11;1;1;1;2599,8;1;0;0;0;0;0;0;0;203,2;16,4;0;8;0;43,4;0;0;5,4;0;0;6;8,4;0;0;0;39,4;30,4;0;8,8;20,6;0;0;;1;1;1;1;1;1;1;1;1;1;1;1;1;1;1;1;1;1;1;1;1;1;1;1;1;1;1;1;1;1;0
469001;2;01/03/1992;1;67,8;217;13;15;1;2;0;2024,4;2;33,2;16,8;15;55;25;18,6;33;19;18,8;0;50;41;67,8;34,6;6,6;25;0;0;0;0;0;0;0;0;0;0;0;0;0;0;0;1;1;1;1;1;1;1;1;1;1;1;1;1;1;1;1;1;1;1;1;1;1;1;1;1;1;1;1;1;1;1
469001;1;01/03/1992;1;67,8;459,4;13;15;1;1;1;2599,8;1;33,2;16,8;15;55;25;18,6;33;19;18,8;0;50;41;67,8;34,6;6,6;25;0;0;0;0;0;0;0;0;0;0;0;0;0;0;0;1;1;1;1;1;1;1;1;1;1;1;1;1;1;1;1;1;1;1;1;1;1;1;1;1;1;1;1;1;1;1
469001;2;01/02/1992;1;66;190;23;12;1;1;0;2024,4;2;0;1;10,4;0;6,6;0;0;13;0;0;0;0;0;0;14;0;5;0;0;46,4;0;0;66;8;4,4;13;2,2;0;0;;;1;1;1;1;1;1;1;1;1;1;1;1;1;1;1;1;1;1;1;1;1;1;1;1;1;1;1;1;1;0;0
469001;1;01/02/1992;1;66;190;23;12;1;1;1;2599,8;1;0;1;10,4;0;6,6;0;0;13;0;0;0;0;0;0;14;0;5;0;0;46,4;0;0;66;8;4,4;13;2,2;0;0;;;1;1;1;1;1;1;1;1;1;1;1;1;1;1;1;1;1;1;1;1;1;1;1;1;1;1;1;1;1;0;0
469001;2;01/01/1992;1;27;182;22;20;1;2;0;2024,4;2;12,2;0;0;25;6,8;9;0;20;23,2;18,8;16,6;21,4;22,8;6;19;0;10;12;0;13,2;11,8;27;0;0;16,8;0;8,2;25;0;0;0;1;1;1;1;1;1;1;1;1;1;1;1;1;1;1;1;1;1;1;1;1;1;1;1;1;1;1;1;1;1;1
469001;1;01/01/1992;1;27;324,8;22;20;1;1;1;2599,8;1;12,2;0;0;25;6,8;9;0;20;23,2;18,8;16,6;21,4;22,8;6;19;0;10;12;0;13,2;11,8;27;0;0;16,8;0;8,2;25;0;0;0;1;1;1;1;1;1;1;1;1;1;1;1;1;1;1;1;1;1;1;1;1;1;1;1;1;1;1;1;1;1;1
469001;2;01/12/1991;1;;212;;;0;2;0;2644,2;3;;;;;;;;;;;;;;;;;;;;12;0;12;10,2;8;0;15,4;6,8;8,2;7;0;25;0;0;0;0;0;0;0;0;0;0;0;0;0;0;0;0;0;0;0;1;1;1;1;1;1;1;1;1;1;1;1
469001;1;01/12/1991;1;25;104,6;31;9;1;1;1;;0;;;;;;;;;;;;;;;;;;;;12;0;12;10,2;8;0;15,4;6,8;8,2;7;0;25;0;0;0;0;0;0;0;0;0;0;0;0;0;0;0;0;0;0;0;4;1;1;1;1;1;1;1;1;1;1;1
469001;2;01/11/1991;1;;110;;;0;2;0;2644,2;3;;;;;;;;;;;;;;;;;;;;;;;;;;;;;;;;0;0;0;0;0;0;0;0;0;0;0;0;0;0;0;0;0;0;0;0;0;0;0;0;0;0;0;0;0;0;0
469001;2;01/10/1991;1;23,6;150;9;3;1;2;0;2644,2;3;0;0;0;0;8,8;0;0;0;23,6;0;0;0;0;0;12,4;0;0;0;0;0;0;0;0;0;0;0;0;0;0;0;0;1;1;1;1;1;1;1;1;1;1;1;1;1;1;1;1;1;1;1;1;1;1;1;1;1;1;1;1;1;1;1
469001;1;01/10/1991;1;23,6;44,8;9;3;1;1;1;;0;0;0;0;0;8,8;0;0;0;23,6;0;0;0;0;0;12,4;0;0;0;0;0;0;0;0;0;0;0;0;0;0;0;0;1;1;1;1;1;1;1;1;1;1;1;1;1;1;1;1;1;1;1;1;1;1;1;1;1;1;1;1;1;1;1
469001;2;01/09/1991;1;85;153;13;6;1;1;0;2644,2;3;0;0;0;0;14,8;0;4,2;0;0;0;0;23,8;85;0;0;0;0;0;0;8,4;0;0;0;0;0;0;0;0;16,8;0;;1;1;1;1;1;1;1;1;1;1;1;1;1;1;1;1;1;1;1;1;1;1;1;1;1;1;1;1;1;1;0
469001;1;01/09/1991;1;85;153;13;6;1;1;1;;0;0;0;0;0;14,8;0;4,2;0;0;0;0;23,8;85;0;0;0;0;0;0;8,4;0;0;0;0;0;0;0;0;16,8;0;;1;1;1;1;1;1;1;1;1;1;1;1;1;1;1;1;1;1;1;1;1;1;1;1;1;1;1;1;1;1;0
469001;2;01/08/1991;1;35,4;88,4;22;7;3;3;0;2644,2;3;3;0;0;0;0;0;0;0;10,4;0;0;0;7,2;0;0;0;0;0;0;0;0;35,4;0;0;0;10,4;7,2;0;14,8;0;0;1;1;1;1;1;1;1;1;3;1;1;1;1;1;1;1;1;1;1;1;1;1;1;1;1;3;1;1;1;1;1
469001;1;01/08/1991;1;35,4;88,4;22;7;1;1;1;;0;3;0;0;0;0;0;0;0;10,4;0;0;0;7,2;0;0;0;0;0;0;0;0;35,4;0;0;0;10,4;7,2;0;14,8;0;0;1;1;1;1;1;1;1;1;1;1;1;1;1;1;1;1;1;1;1;1;1;1;1;1;1;1;1;1;1;1;1
469001;2;01/07/1991;1;49,6;86,8;19;4;1;1;0;2644,2;3;0;0;0;0;0;0;0;0;6,6;28;0;0;0;0;0;0;0;0;49,6;0;0;0;0;0;0;0;0;0;2,6;0;0;1;1;1;1;1;1;1;1;1;1;1;1;1;1;1;1;1;1;1;1;1;1;1;1;1;1;1;1;1;1;1
469001;1;01/07/1991;1;49,6;86,8;19;4;1;1;1;;0;0;0;0;0;0;0;0;0;6,6;28;0;0;0;0;0;0;0;0;49,6;0;0;0;0;0;0;0;0;0;2,6;0;0;1;1;1;1;1;1;1;1;1;1;1;1;1;1;1;1;1;1;1;1;1;1;1;1;1;1;1;1;1;1;1
469001;2;01/06/1991;1;61,4;278,8;14;9;1;1;0;2644,2;3;0;17,8;24,2;28,2;0;60,2;4,4;0;0;0;0;0;0;61,4;0;0;0;0;1,4;0;0;0;0;57,4;0;0;0;23,8;0;0;;1;1;1;1;1;1;1;1;1;1;1;1;1;1;1;1;1;1;1;1;1;1;1;1;1;1;1;1;1;1;0
469001;1;01/06/1991;1;61,4;278,8;14;9;1;1;1;;0;0;17,8;24,2;28,2;0;60,2;4,4;0;0;0;0;0;0;61,4;0;0;0;0;1,4;0;0;0;0;57,4;0;0;0;23,8;0;0;;1;1;1;1;1;1;1;1;1;1;1;1;1;1;1;1;1;1;1;1;1;1;1;1;1;1;1;1;1;1;0
469001;2;01/05/1991;1;65;255;4;16;1;2;0;2644,2;3;45;5;0;65;10;0;50;47;0;10;0;0;0;21,4;0;0;0;53,6;8,6;0;2,4;0;0;0;25;0;12,6;37,6;0;3,2;9,4;1;1;1;1;1;1;1;1;1;1;1;1;1;1;1;1;1;1;1;1;1;1;1;1;1;1;1;1;1;1;1
469001;1;01/05/1991;1;65;405,8;4;16;1;1;1;;0;45;5;0;65;10;0;50;47;0;10;0;0;0;21,4;0;0;0;53,6;8,6;0;2,4;0;0;0;25;0;12,6;37,6;0;3,2;9,4;1;1;1;1;1;1;1;1;1;1;1;1;1;1;1;1;1;1;1;1;1;1;1;1;1;1;1;1;1;1;1
469001;2;01/04/1991;1;72,4;359;25;13;2;2;0;2644,2;3;0;0;0;5,2;0;4,4;0;21,4;3,8;0;0;0;0;0;52,8;0;0;30,2;0;30,6;47;0;43;0;72,4;5,4;0;28,6;14,2;0;;1;1;1;2;1;2;1;1;1;1;1;1;1;1;1;1;1;1;1;1;1;1;1;1;1;1;1;1;1;1;0
469001;1;01/04/1991;1;72,4;445,4;25;13;1;1;1;;0;0;0;0;52;0;44;0;21,4;3,8;0;0;0;0;0;52,8;0;0;30,2;0;30,6;47;0;43;0;72,4;5,4;0;28,6;14,2;0;;1;1;1;1;1;1;1;1;1;1;1;1;1;1;1;1;1;1;1;1;1;1;1;1;1;1;1;1;1;1;0
469001;2;01/03/1991;1;75;375,8;27;16;3;3;0;2644,2;3;4;25;0;36,4;0;6,8;0;12,6;0;12,4;41,4;8,6;25;9,4;0;0;0;45,4;0;0;32;11,6;0;0;0;0;75;5,2;25;0;0;1;3;1;1;1;1;1;1;1;1;1;1;3;1;1;1;1;1;1;1;1;1;1;1;1;1;1;1;3;1;1
469001;1;01/03/1991;1;75;375,8;27;16;1;1;1;;0;4;25;0;36,4;0;6,8;0;12,6;0;12,4;41,4;8,6;25;9,4;0;0;0;45,4;0;0;32;11,6;0;0;0;0;75;5,2;25;0;0;1;1;1;1;1;1;1;1;1;1;1;1;1;1;1;1;1;1;1;1;1;1;1;1;1;1;1;1;1;1;1
469001;2;01/02/1991;1;39,2;311,4;12;18;1;1;0;2644,2;3;38,6;11,4;0;0;26,2;0;23,8;13,6;11,4;0;0;39,2;10,8;11,4;13,6;0;8,8;16,2;18,4;6,6;0;18,4;0;0;16,8;8,2;18;0;;;;1;1;1;1;1;1;1;1;1;1;1;1;1;1;1;1;1;1;1;1;1;1;1;1;1;1;1;1;0;0;0
469001;1;01/02/1991;1;39,2;311,4;12;18;1;1;1;;0;38,6;11,4;0;0;26,2;0;23,8;13,6;11,4;0;0;39,2;10,8;11,4;13,6;0;8,8;16,2;18,4;6,6;0;18,4;0;0;16,8;8,2;18;0;;;;1;1;1;1;1;1;1;1;1;1;1;1;1;1;1;1;1;1;1;1;1;1;1;1;1;1;1;1;0;0;0
469001;2;01/01/1991;1;45;264;10;17;1;1;0;2644,2;3;0;16,8;8,2;14,4;10,6;0;0;0;0;45;39,2;13,4;0;0;0;0;4,6;11,8;0;32;0;8;11,6;5,4;0;6,2;11,8;0;14,4;0;10,6;1;1;1;1;1;1;1;1;1;1;1;1;1;1;1;1;1;1;1;1;1;1;1;1;1;1;1;1;1;1;1
469001;1;01/01/1991;1;45;264;10;17;1;1;1;;0;0;16,8;8,2;14,4;10,6;0;0;0;0;45;39,2;13,4;0;0;0;0;4,6;11,8;0;32;0;8;11,6;5,4;0;6,2;11,8;0;14,4;0;10,6;1;1;1;1;1;1;1;1;1;1;1;1;1;1;1;1;1;1;1;1;1;1;1;1;1;1;1;1;1;1;1
469001;2;01/12/1990;1;88,2;360,4;5;16;3;3;0;2941,6;3;7,6;0;8,6;0;88,2;0;0;0;0;40,8;0;0;38,8;0;0;25;13,8;0;29,6;8,2;0;36;14;25;0;5,4;4,2;0;0;8,8;6,4;1;1;1;1;1;1;1;1;1;1;1;1;1;1;1;3;1;1;1;1;1;1;1;3;1;1;1;1;1;1;1
469001;1;01/12/1990;1;88,2;360,4;5;16;1;1;1;2851,2;1;7,6;0;8,6;0;88,2;0;0;0;0;40,8;0;0;38,8;0;0;25;13,8;0;29,6;8,2;0;36;14;25;0;5,4;4,2;0;0;8,8;6,4;1;1;1;1;1;1;1;1;1;1;1;1;1;1;1;1;1;1;1;1;1;1;1;1;1;1;1;1;1;1;1
469001;2;01/11/1990;1;49;285,6;30;13;1;1;0;2941,6;3;6,8;0;0;0;0;0;7,6;0;8;0;0;0;19,2;0;43,4;16,8;8,4;0;16,4;0;32,4;0;0;37,4;0;27,2;0;0;13;49;;1;1;1;1;1;1;1;1;1;1;1;1;1;1;1;1;1;1;1;1;1;1;1;1;1;1;1;1;1;1;0
469001;1;01/11/1990;1;49;285,6;30;13;1;1;1;2851,2;1;6,8;0;0;0;0;0;7,6;0;8;0;0;0;19,2;0;43,4;16,8;8,4;0;16,4;0;32,4;0;0;37,4;0;27,2;0;0;13;49;;1;1;1;1;1;1;1;1;1;1;1;1;1;1;1;1;1;1;1;1;1;1;1;1;1;1;1;1;1;1;0
469001;2;01/10/1990;1;0;0;1;0;1;1;1;2941,6;3;0;0;0;0;0;0;0;0;0;0;0;0;0;0;0;0;0;0;0;0;0;0;0;0;0;0;0;0;0;0;0;1;1;1;1;1;1;1;1;1;1;1;1;1;1;1;1;1;1;1;1;1;1;1;1;1;1;1;1;1;1;1
469001;1;01/10/1990;1;0;0;1;0;1;1;1;2851,2;1;0;0;0;0;0;0;0;0;0;0;0;0;0;0;0;0;0;0;0;0;0;0;0;0;0;0;0;0;0;0;0;1;1;1;1;1;1;1;1;1;1;1;1;1;1;1;1;1;1;1;1;1;1;1;1;1;1;1;1;1;1;1
469001;2;01/09/1990;1;0;81;1;;2;2;2;2941,6;3;0;0;0;0;0;0;0;0;0;0;0;0;0;0;0;0;0;0;0;0;0;0;0;0;0;0;0;0;0;0;;1;1;1;1;1;1;1;1;1;1;1;1;1;1;1;1;1;1;1;1;1;1;1;1;1;1;1;1;1;1;0
469001;1;01/09/1990;1;0;0;1;0;1;1;1;2851,2;1;0;0;0;0;0;0;0;0;0;0;0;0;0;0;0;0;0;0;0;0;0;0;0;0;0;0;0;0;0;0;;1;1;1;1;1;1;1;1;1;1;1;1;1;1;1;1;1;1;1;1;1;1;1;1;1;1;1;1;1;1;0
469001;2;01/08/1990;1;0;137;1;;1;2;0;2941,6;3;0;0;0;0;0;0;0;0;0;0;0;0;0;0;0;0;0;0;0;0;0;0;0;0;0;0;0;0;0;0;0;1;1;1;1;1;1;1;1;1;1;1;1;1;1;1;1;1;1;1;1;1;1;1;1;1;1;1;1;1;1;1
469001;1;01/08/1990;1;0;0;1;0;1;1;1;2851,2;1;0;0;0;0;0;0;0;0;0;0;0;0;0;0;0;0;0;0;0;0;0;0;0;0;0;0;0;0;0;0;0;1;1;1;1;1;1;1;1;1;1;1;1;1;1;1;1;1;1;1;1;1;1;1;1;1;1;1;1;1;1;1
469001;2;01/07/1990;1;34;202,6;28;14;1;1;0;2941,6;3;0;25;0;8,8;0;13;7;5;14;11;15;10;20;0;0;0;0;0;0;8,8;0;0;27,8;0;0;3,2;0;34;0;0;0;1;1;1;1;1;1;1;1;1;1;1;1;1;1;1;1;1;1;1;1;1;1;1;1;1;1;1;1;1;1;1
469001;1;01/07/1990;1;34;202,6;28;14;1;1;1;2851,2;1;0;25;0;8,8;0;13;7;5;14;11;15;10;20;0;0;0;0;0;0;8,8;0;0;27,8;0;0;3,2;0;34;0;0;0;1;1;1;1;1;1;1;1;1;1;1;1;1;1;1;1;1;1;1;1;1;1;1;1;1;1;1;1;1;1;1
469001;2;01/06/1990;1;25;255;8;13;1;2;0;2941,6;3;20;23;18;22;0;0;2,6;25;0;0;0;15;12;0;20;0;0;0;18;0;0;0;0;10;2,4;0;0;8;0;0;;1;1;1;1;1;1;1;1;1;1;1;1;1;1;1;1;1;1;1;1;1;1;1;1;1;1;1;1;1;1;0
469001;1;01/06/1990;1;25;196;8;13;1;1;1;2851,2;1;20;23;18;22;0;0;2,6;25;0;0;0;15;12;0;20;0;0;0;18;0;0;0;0;10;2,4;0;0;8;0;0;;1;1;1;1;1;1;1;1;1;1;1;1;1;1;1;1;1;1;1;1;1;1;1;1;1;1;1;1;1;1;0
469001;2;01/05/1990;1;37;230,8;4;14;2;2;0;2941,6;3;6,4;15,2;0;37;1,2;30,6;0;12;0;13,4;0;12;0;0;25;0;0;10;11,2;0;0;0;0;0;0;22;0;28;0;6,8;0;1;1;1;1;1;1;1;1;1;1;1;1;1;1;1;1;1;2;1;1;1;1;1;1;1;1;1;1;1;1;1
469001;1;01/05/1990;1;100;320,8;18;14;1;1;1;2851,2;1;6,4;15,2;0;37;1,2;30,6;0;12;0;13,4;0;12;0;0;25;0;0;100;11,2;0;0;0;0;0;0;22;0;28;0;6,8;0;1;1;1;1;1;1;1;1;1;1;1;1;1;1;1;1;1;1;1;1;1;1;1;1;1;1;1;1;1;1;1
469001;2;01/04/1990;1;114,8;271,2;18;11;1;1;0;2941,6;3;0;0;0;0;15,4;12;0;0;23,2;0;20,6;15,4;0;0;28,8;0;0;114,8;0;0;0;8,6;0;11;0;0;0;4,4;0;17;;1;1;1;1;1;1;1;1;1;1;1;1;1;1;1;1;1;1;1;1;1;1;1;1;1;1;1;1;1;1;0
469001;1;01/04/1990;1;114,8;271,2;18;11;1;1;1;2851,2;1;0;0;0;0;15,4;12;0;0;23,2;0;20,6;15,4;0;0;28,8;0;0;114,8;0;0;0;8,6;0;11;0;0;0;4,4;0;17;;1;1;1;1;1;1;1;1;1;1;1;1;1;1;1;1;1;1;1;1;1;1;1;1;1;1;1;1;1;1;0
469001;2;01/03/1990;1;83,2;268,6;21;10;1;1;0;2941,6;3;0;0;0;82;0;0;12,2;14;0;0;12,8;0;0;21;0;0;30,8;0;0;0;83,2;0;0;1,2;0;0;0;0;8;0;3,4;1;1;1;1;1;1;1;1;1;1;1;1;1;1;1;1;1;1;1;1;1;1;1;1;1;1;1;1;1;1;1
469001;1;01/03/1990;1;83,2;268,6;21;10;1;1;1;2851,2;1;0;0;0;82;0;0;12,2;14;0;0;12,8;0;0;21;0;0;30,8;0;0;0;83,2;0;0;1,2;0;0;0;0;8;0;3,4;1;1;1;1;1;1;1;1;1;1;1;1;1;1;1;1;1;1;1;1;1;1;1;1;1;1;1;1;1;1;1
469001;2;01/02/1990;1;79,2;273,4;12;12;1;1;0;2941,6;3;13,2;20,8;0;0;20,2;0;32,8;0;8,4;14,6;0;79,2;0;26,4;0;0;39,8;0;2,2;0;0;3;0;12,8;0;0;0;0;;;;1;1;1;1;1;1;1;1;1;1;1;1;1;1;1;1;1;1;1;1;1;1;1;1;1;1;1;1;0;0;0
469001;1;01/02/1990;1;79,2;273,4;12;12;1;1;1;2851,2;1;13,2;20,8;0;0;20,2;0;32,8;0;8,4;14,6;0;79,2;0;26,4;0;0;39,8;0;2,2;0;0;3;0;12,8;0;0;0;0;;;;1;1;1;1;1;1;1;1;1;1;1;1;1;1;1;1;1;1;1;1;1;1;1;1;1;1;1;1;0;0;0
469001;2;01/01/1990;1;55,2;294;20;10;1;1;0;2941,6;3;0;0;0;0;0;0;0;2,4;45;0;0;24,6;0;0;16;0;0;0;16,4;55,2;0;0;0;23,2;0;40,6;45,6;0;0;25;0;1;1;1;1;1;1;1;1;1;1;1;1;1;1;1;1;1;1;1;1;1;1;1;1;1;1;1;1;1;1;1
469001;1;01/01/1990;1;55,2;294;20;10;1;1;1;2851,2;1;0;0;0;0;0;0;0;2,4;45;0;0;24,6;0;0;16;0;0;0;16,4;55,2;0;0;0;23,2;0;40,6;45,6;0;0;25;0;1;1;1;1;1;1;1;1;1;1;1;1;1;1;1;1;1;1;1;1;1;1;1;1;1;1;1;1;1;1;1
469001;2;01/12/1989;1;39;228;1;12;1;1;0;2918;3;39;0;0;0;0;0;0;0;0;0;36,4;0;22,8;0;13,2;0;0;20,8;4;10,8;6,2;0;0;15,6;33;11,8;0;0;0;0;14,4;1;1;1;1;1;1;1;1;1;1;1;1;1;1;1;1;1;1;1;1;1;1;1;1;1;1;1;1;1;1;1
469001;1;01/12/1989;1;39;228;1;12;1;1;1;2716,7;1;39;0;0;0;0;0;0;0;0;0;36,4;0;22,8;0;13,2;0;0;20,8;4;10,8;6,2;0;0;15,6;33;11,8;0;0;0;0;14,4;1;1;1;1;1;1;1;1;1;1;1;1;1;1;1;1;1;1;1;1;1;1;1;1;1;1;1;1;1;1;1
469001;2;01/11/1989;1;100;277,2;3;6;1;1;0;2918;3;0;0;100;0;0;0;0;0;46,8;0;0;0;0;23,8;0;0;0;0;45,2;0;0;0;55,6;0;0;5,8;0;0;0;0;;1;1;1;1;1;1;1;1;1;1;1;1;1;1;1;1;1;1;1;1;1;1;1;1;1;1;1;1;1;1;0
469001;1;01/11/1989;1;100;277,2;3;6;1;1;1;2716,7;1;0;0;100;0;0;0;0;0;46,8;0;0;0;0;23,8;0;0;0;0;45,2;0;0;0;55,6;0;0;5,8;0;0;0;0;;1;1;1;1;1;1;1;1;1;1;1;1;1;1;1;1;1;1;1;1;1;1;1;1;1;1;1;1;1;1;0
469001;2;01/10/1989;1;65,4;369;13;13;1;1;0;2918;3;7,4;0;0;1;33;11;0;0;0;52,4;0;0;65,4;1,2;23,2;0;32,2;0;0;32,8;0;0;0;0;0;35,4;44;0;30;0;0;1;1;1;1;1;1;1;1;1;1;1;1;1;1;1;1;1;1;1;1;1;1;1;1;1;1;1;1;1;1;1
469001;1;01/10/1989;1;65,4;369;13;13;1;1;1;2716,7;1;7,4;0;0;1;33;11;0;0;0;52,4;0;0;65,4;1,2;23,2;0;32,2;0;0;32,8;0;0;0;0;0;35,4;44;0;30;0;0;1;1;1;1;1;1;1;1;1;1;1;1;1;1;1;1;1;1;1;1;1;1;1;1;1;1;1;1;1;1;1
469001;2;01/09/1989;1;34,2;72,6;15;3;1;1;0;2918;3;0;30,2;0;0;0;0;0;0;0;0;0;0;0;0;34,2;0;0;0;0;0;0;0;0;0;8,2;0;0;0;0;0;;1;1;1;1;1;1;1;1;1;1;1;1;1;1;1;1;1;1;1;1;1;1;1;1;1;1;1;1;1;1;0
469001;1;01/09/1989;1;34,2;72,6;15;3;1;1;1;2716,7;1;0;30,2;0;0;0;0;0;0;0;0;0;0;0;0;34,2;0;0;0;0;0;0;0;0;0;8,2;0;0;0;0;0;;1;1;1;1;1;1;1;1;1;1;1;1;1;1;1;1;1;1;1;1;1;1;1;1;1;1;1;1;1;1;0
469001;2;01/08/1989;1;58;217,4;11;9;3;3;0;2918;3;4,4;0;0;0;0;0;0;25;0;32;58;0;0;0;0;24,4;31,2;0;0;0;2,4;0;7,8;0;0;0;0;0;0;0;32,2;1;1;1;1;1;1;1;3;1;3;3;1;1;1;1;1;1;1;1;1;1;1;1;1;1;1;1;1;1;1;1
469001;1;01/08/1989;1;58;217,4;11;9;1;1;1;2716,7;1;4,4;0;0;0;0;0;0;25;0;32;58;0;0;0;0;24,4;31,2;0;0;0;2,4;0;7,8;0;0;0;0;0;0;0;32,2;1;1;1;1;1;1;1;1;1;1;1;1;1;1;1;1;1;1;1;1;1;1;1;1;1;1;1;1;1;1;1
469001;2;01/07/1989;1;36,6;75,6;23;6;1;1;0;2918;3;0;0;0;0;0;0;0;0;0;0;0;0;0;0;0;0;0;0;0;6,4;0;0;36,6;0;14,4;0;9,4;0;2;6,8;0;1;1;1;1;1;1;1;1;1;1;1;1;1;1;1;1;1;1;1;1;1;1;1;1;1;1;1;1;1;1;1
469001;1;01/07/1989;1;36,6;75,6;23;6;1;1;1;2716,7;1;0;0;0;0;0;0;0;0;0;0;0;0;0;0;0;0;0;0;0;6,4;0;0;36,6;0;14,4;0;9,4;0;2;6,8;0;1;1;1;1;1;1;1;1;1;1;1;1;1;1;1;1;1;1;1;1;1;1;1;1;1;1;1;1;1;1;1
469001;2;01/06/1989;1;43;261,4;17;23;1;1;0;2918;3;4;0;2,4;36,8;0;14,2;0;1,4;8;0;0,4;8,2;8,4;0;8,6;21,4;43;0,2;2,8;0,2;0;5,8;33,2;17,2;0;13,8;9,2;9;10,2;3;;1;1;1;1;1;1;1;1;1;1;1;1;1;1;1;1;1;1;1;1;1;1;1;1;1;1;1;1;1;1;0
469001;1;01/06/1989;1;43;261,4;17;23;1;1;1;2716,7;1;4;0;2,4;36,8;0;14,2;0;1,4;8;0;0,4;8,2;8,4;0;8,6;21,4;43;0,2;2,8;0,2;0;5,8;33,2;17,2;0;13,8;9,2;9;10,2;3;;1;1;1;1;1;1;1;1;1;1;1;1;1;1;1;1;1;1;1;1;1;1;1;1;1;1;1;1;1;1;0
469001;2;01/05/1989;1;51,2;224,6;1;17;1;1;0;2918;3;51,2;5,4;0;0;0;0;24;0;0;0;0;0;1,2;0,2;2,2;16,4;25,8;12,2;4,6;4;20,4;0;0;30;18,4;4,4;1;3,2;0;0;0;1;1;1;1;1;1;1;1;1;1;1;1;1;1;1;1;1;1;1;1;1;1;1;1;1;1;1;1;1;1;1
469001;1;01/05/1989;1;51,2;224,6;1;17;1;1;1;2716,7;1;51,2;5,4;0;0;0;0;24;0;0;0;0;0;1,2;0,2;2,2;16,4;25,8;12,2;4,6;4;20,4;0;0;30;18,4;4,4;1;3,2;0;0;0;1;1;1;1;1;1;1;1;1;1;1;1;1;1;1;1;1;1;1;1;1;1;1;1;1;1;1;1;1;1;1
469001;2;01/04/1989;1;68,7;293;13;23;1;1;0;2918;3;0;23,4;0;5,2;4,6;1,6;0,4;0,4;0,2;0;0,6;44,3;68,7;0;0;0,1;2,4;2,2;29,3;3,7;4,4;9,6;11;32,6;13,4;0;9,3;0,2;0;25,4;;1;1;1;1;1;1;1;1;1;1;1;1;1;1;1;1;1;1;1;1;1;1;1;1;1;1;1;1;1;1;0
469001;1;01/04/1989;1;68,7;293;13;23;1;1;1;2716,7;1;0;23,4;0;5,2;4,6;1,6;0,4;0,4;0,2;0;0,6;44,3;68,7;0;0;0,1;2,4;2,2;29,3;3,7;4,4;9,6;11;32,6;13,4;0;9,3;0,2;0;25,4;;1;1;1;1;1;1;1;1;1;1;1;1;1;1;1;1;1;1;1;1;1;1;1;1;1;1;1;1;1;1;0
469001;2;01/03/1989;1;80;381,2;17;22;3;3;0;2918;3;7,2;11,4;0,6;7,5;29,4;31,2;8,4;0;5,4;0,2;0;2;35,8;0;6,8;1,2;80;0;0;0,2;19,7;0,7;19,8;59,5;20,9;0;0;0;32,5;0,8;0;1;1;1;1;1;1;1;1;1;1;1;1;1;1;1;1;3;1;1;1;1;1;1;1;1;1;1;1;1;1;1
469001;1;01/03/1989;1;119,7;481,2;21;22;1;1;1;2716,7;1;7,2;11,4;0,6;7,5;29,4;31,2;8,4;0;5,4;0,2;0;2;35,8;0;6,8;1,2;80;0;0;0,2;119,7;0,7;19,8;59,5;20,9;0;0;0;32,5;0,8;0;1;1;1;1;1;1;1;1;1;1;1;1;1;1;1;1;1;1;1;1;1;1;1;1;1;1;1;1;1;1;1
469001;2;01/02/1989;1;46,2;222;19;18;1;2;0;2918;3;4,8;6,8;6,8;0;2,2;7,2;6,2;2,6;0;6,8;0;0;1;0;5;0,2;0;0;46,2;0;0;9,6;6,2;3,5;5,8;0,8;3,2;0;;;;1;1;1;1;1;1;1;1;1;1;1;1;1;1;1;1;1;1;1;1;1;1;1;1;1;1;1;1;0;0;0
469001;1;01/02/1989;1;46,2;124,9;19;18;1;1;1;2716,7;1;4,8;6,8;6,8;0;2,2;7,2;6,2;2,6;0;6,8;0;0;1;0;5;0,2;0;0;46,2;0;0;9,6;6,2;3,5;5,8;0,8;3,2;0;;;;1;1;1;1;1;1;1;1;1;1;1;1;1;1;1;1;1;1;1;1;1;1;1;1;1;1;1;1;0;0;0
469001;2;01/01/1989;1;8,2;296;29;16;1;2;0;2918;3;4,2;0;7,4;0;0;6,6;0;4,4;0;6,4;0;0;0;4,6;0;6;7;0;7;0;6,8;0;7;0;2,6;0;4;6,6;8,2;3;0;1;1;1;1;1;1;1;1;1;1;1;1;1;1;1;1;1;1;1;1;1;1;1;1;1;1;1;1;1;1;1
469001;1;01/01/1989;1;8,2;91,8;29;16;1;1;1;2716,7;1;4,2;0;7,4;0;0;6,6;0;4,4;0;6,4;0;0;0;4,6;0;6;7;0;7;0;6,8;0;7;0;2,6;0;4;6,6;8,2;3;0;1;1;1;1;1;1;1;1;1;1;1;1;1;1;1;1;1;1;1;1;1;1;1;1;1;1;1;1;1;1;1
469001;2;01/12/1988;1;7;56;25;10;1;1;0;2360;3;0;6,6;6,4;0;6,2;0;6,8;0;5,2;0;0;0;4,6;0;0;0;0;0;4,2;0;0;0;0;0;7;0;6,4;0;0;0;2,6;1;1;1;1;1;1;1;1;1;1;1;1;1;1;1;1;1;1;1;1;1;1;1;1;1;1;1;1;1;1;1
469001;1;01/12/1988;1;7;56;25;10;1;1;1;1077;1;0;6,6;6,4;0;6,2;0;6,8;0;5,2;0;0;0;4,6;0;0;0;0;0;4,2;0;0;0;0;0;7;0;6,4;0;0;0;2,6;1;1;1;1;1;1;1;1;1;1;1;1;1;1;1;1;1;1;1;1;1;1;1;1;1;1;1;1;1;1;1
469001;2;01/11/1988;1;7,2;237;8;9;1;2;0;2360;3;0;0;0;3,2;0;0;0;7,2;0;6,8;0;0;0;6,4;0;7;0;3,2;0;6,8;0;0;6;0;0;0;0;6,4;0;0;;1;1;1;1;1;1;1;1;1;1;1;1;1;1;1;1;1;1;1;1;1;1;1;1;1;1;1;1;1;1;0
469001;1;01/11/1988;1;7,2;53;8;9;1;1;1;1077;1;0;0;0;3,2;0;0;0;7,2;0;6,8;0;0;0;6,4;0;7;0;3,2;0;6,8;0;0;6;0;0;0;0;6,4;0;0;;1;1;1;1;1;1;1;1;1;1;1;1;1;1;1;1;1;1;1;1;1;1;1;1;1;1;1;1;1;1;0
469001;2;01/10/1988;1;7,4;178;3;9;1;2;0;2360;3;0;0;7,4;7;6,8;6,2;3;0;0;0;0;0;0;6,8;0;0;0;6,4;0;0;6,2;0;0;0;0;0;7;0;0;0;0;1;1;1;1;1;1;1;1;1;1;1;1;1;1;1;1;1;1;1;1;1;1;1;1;1;1;1;1;1;1;1
469001;1;01/10/1988;1;7,4;56,8;3;9;1;1;1;1077;1;0;0;7,4;7;6,8;6,2;3;0;0;0;0;0;0;6,8;0;0;0;6,4;0;0;6,2;0;0;0;0;0;7;0;0;0;0;1;1;1;1;1;1;1;1;1;1;1;1;1;1;1;1;1;1;1;1;1;1;1;1;1;1;1;1;1;1;1
469001;2;01/09/1988;1;7,2;130;11;9;1;2;0;2360;3;0;6,4;6;0;0;0;6,2;0;0;0;7,2;0;0;0;2,4;6,8;0;0;0;5;7;0;6,2;0;0;0;0;0;0;0;;1;1;1;1;1;1;1;1;1;1;1;1;1;1;1;1;1;1;1;1;1;1;1;1;1;1;1;1;1;1;0
469001;1;01/09/1988;1;7,2;53,2;11;9;1;1;1;1077;1;0;6,4;6;0;0;0;6,2;0;0;0;7,2;0;0;0;2,4;6,8;0;0;0;5;7;0;6,2;0;0;0;0;0;0;0;;1;1;1;1;1;1;1;1;1;1;1;1;1;1;1;1;1;1;1;1;1;1;1;1;1;1;1;1;1;1;0
469001;2;01/08/1988;1;6,2;94;30;3;1;2;0;2360;3;0;0;0;0;0;0;0;0;0;4,4;0;0;0;0;0;0;0;2;0;0;0;0;0;0;0;0;0;0;0;6,2;0;1;1;1;1;1;1;1;1;1;1;1;1;1;1;1;1;1;1;1;1;1;1;1;1;1;1;1;1;1;1;1
469001;1;01/08/1988;1;6,2;12,6;30;3;1;1;1;1077;1;0;0;0;0;0;0;0;0;0;4,4;0;0;0;0;0;0;0;2;0;0;0;0;0;0;0;0;0;0;0;6,2;0;1;1;1;1;1;1;1;1;1;1;1;1;1;1;1;1;1;1;1;1;1;1;1;1;1;1;1;1;1;1;1
469001;2;01/07/1988;1;7;46,4;6;7;3;3;0;2360;3;6,6;0;0;6,2;0;7;0;0;6,8;0;0;0;0;0;0;0;0;0;0;0;6,6;0;6,8;0;0;0;0;0;0;6,4;0;3;1;1;1;1;1;1;1;1;1;1;1;1;1;1;1;1;1;1;1;3;1;1;1;1;1;1;1;1;1;1
469001;1;01/07/1988;1;7;46,4;6;7;1;1;1;1077;1;6,6;0;0;6,2;0;7;0;0;6,8;0;0;0;0;0;0;0;0;0;0;0;6,6;0;6,8;0;0;0;0;0;0;6,4;0;1;1;1;1;1;1;1;1;1;1;1;1;1;1;1;1;1;1;1;1;1;1;1;1;1;1;1;1;1;1;1
469001;2;01/06/1988;1;7,4;162;23;6;1;2;0;2360;3;0;0;0;0;0;0;0;0;0;0;0;6;0;0,4;0;0;4,6;0;0;7,2;0;0;7,4;0;0;6,8;0;0;0;0;;1;1;1;1;1;1;1;1;1;1;1;1;1;1;1;1;1;1;1;1;1;1;1;1;1;1;1;1;1;1;0
469001;1;01/06/1988;1;7,4;32,4;23;6;1;1;1;1077;1;0;0;0;0;0;0;0;0;0;0;0;6;0;0,4;0;0;4,6;0;0;7,2;0;0;7,4;0;0;6,8;0;0;0;0;;1;1;1;1;1;1;1;1;1;1;1;1;1;1;1;1;1;1;1;1;1;1;1;1;1;1;1;1;1;1;0
469001;2;01/05/1988;1;7,4;320;5;19;1;2;0;2360;3;0;7,2;4,6;0;7,4;7,2;7;0;0,8;0;1,2;3,2;0;7,2;0;0;6,8;0;5,8;1;0;7;0;7,2;7,2;7,4;7;6,8;0;7,4;0;1;1;1;1;1;1;1;1;1;1;1;1;1;1;1;1;1;1;1;1;1;1;1;1;1;1;1;1;1;1;1
469001;1;01/05/1988;1;7,4;109,4;5;19;1;1;1;1077;1;0;7,2;4,6;0;7,4;7,2;7;0;0,8;0;1,2;3,2;0;7,2;0;0;6,8;0;5,8;1;0;7;0;7,2;7,2;7,4;7;6,8;0;7,4;0;1;1;1;1;1;1;1;1;1;1;1;1;1;1;1;1;1;1;1;1;1;1;1;1;1;1;1;1;1;1;1
469001;2;01/04/1988;1;7,8;311;2;10;1;2;0;2360;3;0;7,8;0;0;6,8;0;0;0;7;0;7,2;0;0;7,4;0;0;0;7,2;0;0;0;0;0;0;7;0;0;7,2;7,2;1,6;;1;1;1;1;1;1;1;1;1;1;1;1;1;1;1;1;1;1;1;1;1;1;1;1;1;1;1;1;1;1;0
469001;1;01/04/1988;1;7,8;66,4;2;10;1;1;1;1077;1;0;7,8;0;0;6,8;0;0;0;7;0;7,2;0;0;7,4;0;0;0;7,2;0;0;0;0;0;0;7;0;0;7,2;7,2;1,6;;1;1;1;1;1;1;1;1;1;1;1;1;1;1;1;1;1;1;1;1;1;1;1;1;1;1;1;1;1;1;0
469001;2;01/03/1988;1;32;174;14;9;1;2;0;2360;3;0;0;26,4;0;0;0;0;0;0;0;0;7,8;5;32;9;0;0;0;0;0;0;0;0;3,2;0;20,8;0;8,4;7;0;0;1;1;1;1;1;1;1;1;1;1;1;1;1;1;1;1;1;1;1;1;1;1;1;1;1;1;1;1;1;1;1
469001;1;01/03/1988;1;32;119,6;14;9;1;1;1;1077;1;0;0;26,4;0;0;0;0;0;0;0;0;7,8;5;32;9;0;0;0;0;0;0;0;0;3,2;0;20,8;0;8,4;7;0;0;1;1;1;1;1;1;1;1;1;1;1;1;1;1;1;1;1;1;1;1;1;1;1;1;1;1;1;1;1;1;1
469001;2;01/02/1988;1;26,8;316;1;19;1;2;0;2360;3;26,8;7;0;0;0;7;6,8;0;7;7,4;0;6,8;0;6,6;5,4;0;6,8;4;1,8;6,6;0;3,2;7,2;6,8;3,6;0;2;12,8;0;;;1;1;1;1;1;1;1;1;1;1;1;1;1;1;1;1;1;1;1;1;1;1;1;1;1;1;1;1;1;0;0
469001;1;01/02/1988;1;26,8;135,6;1;19;1;1;1;1077;1;26,8;7;0;0;0;7;6,8;0;7;7,4;0;6,8;0;6,6;5,4;0;6,8;4;1,8;6,6;0;3,2;7,2;6,8;3,6;0;2;12,8;0;;;1;1;1;1;1;1;1;1;1;1;1;1;1;1;1;1;1;1;1;1;1;1;1;1;1;1;1;1;1;0;0
469001;2;01/01/1988;1;67;335,6;27;19;1;1;0;2360;3;12,8;6;0;0;5;18,8;1,2;0;0;41,2;2,4;25,4;0;18,6;34,8;5,8;0;0;0;0;32;0;0;15;30;0;67;5;1,2;6,4;7;1;1;1;1;1;1;1;1;1;1;1;1;1;1;1;1;1;1;1;1;1;1;1;1;1;1;1;1;1;1;1
469001;1;01/01/1988;1;67;335,6;27;19;1;1;0;1077;1;12,8;6;0;0;5;18,8;1,2;0;0;41,2;2,4;25,4;0;18,6;34,8;5,8;0;0;0;0;32;0;0;15;30;0;67;5;1,2;6,4;7;1;1;1;1;1;1;1;1;1;1;1;1;1;1;1;1;1;1;1;1;1;1;1;1;1;1;1;1;1;1;1
469001;2;01/12/1987;1;53;356;30;19;1;2;0;2665,8;2;8,6;0;9,2;2,2;0;1,8;5;0;5;7;2,8;0;0;5,6;6,8;0;7,6;7;5,2;0;12,4;0;30,4;0;41;0;7;8;0;53;0;1;1;1;1;1;1;1;1;1;1;1;1;1;1;1;1;1;1;1;1;1;1;1;1;1;1;1;1;1;1;1
469001;1;01/12/1987;1;53;225,6;30;19;1;1;0;2535,4;1;8,6;0;9,2;2,2;0;1,8;5;0;5;7;2,8;0;0;5,6;6,8;0;7,6;7;5,2;0;12,4;0;30,4;0;41;0;7;8;0;53;0;1;1;1;1;1;1;1;1;1;1;1;1;1;1;1;1;1;1;1;1;1;1;1;1;1;1;1;1;1;1;1
469001;2;01/11/1987;1;53;185,6;20;13;1;1;0;2665,8;2;0;7,8;0;0;8,2;6,8;0;0;0;0;11,2;0;0;7,8;0;0;17,6;0;2;53;0;31,8;0;3;1,4;9,8;25,2;0;0;0;;1;1;1;1;1;1;1;1;1;1;1;1;1;1;1;1;1;1;1;1;1;1;1;1;1;1;1;1;1;1;0
469001;1;01/11/1987;1;53;185,6;20;13;1;1;0;2535,4;1;0;7,8;0;0;8,2;6,8;0;0;0;0;11,2;0;0;7,8;0;0;17,6;0;2;53;0;31,8;0;3;1,4;9,8;25,2;0;0;0;;1;1;1;1;1;1;1;1;1;1;1;1;1;1;1;1;1;1;1;1;1;1;1;1;1;1;1;1;1;1;0
469001;2;01/10/1987;1;10,4;61,9;29;11;1;1;0;2665,8;2;0;0;0;0;0;0;6,6;0,6;0;0;0;0;0;0;6,6;4;0;0;7,4;0,7;0;0;7,2;4,6;0;0;0;6,6;10,4;0;7,2;1;1;1;1;1;1;1;1;1;1;1;1;1;1;1;1;1;1;1;1;1;1;1;1;1;1;1;1;1;1;1
469001;1;01/10/1987;1;10,4;61,9;29;11;1;1;0;2535,4;1;0;0;0;0;0;0;6,6;0,6;0;0;0;0;0;0;6,6;4;0;0;7,4;0,7;0;0;7,2;4,6;0;0;0;6,6;10,4;0;7,2;1;1;1;1;1;1;1;1;1;1;1;1;1;1;1;1;1;1;1;1;1;1;1;1;1;1;1;1;1;1;1
469001;2;01/09/1987;1;38,8;88,2;12;7;1;1;0;2665,8;2;0;0;0;0;0;0;0;0;0;0;20,6;38,8;0;0;0;0;0;0;0;0;0;6,4;0;7,2;7;3,8;0;0;0;4,4;;1;1;1;1;1;1;1;1;1;1;1;1;1;1;1;1;1;1;1;1;1;1;1;1;1;1;1;1;1;1;0
469001;1;01/09/1987;1;38,8;88,2;12;7;1;1;0;2535,4;1;0;0;0;0;0;0;0;0;0;0;20,6;38,8;0;0;0;0;0;0;0;0;0;6,4;0;7,2;7;3,8;0;0;0;4,4;;1;1;1;1;1;1;1;1;1;1;1;1;1;1;1;1;1;1;1;1;1;1;1;1;1;1;1;1;1;1;0
469001;2;01/08/1987;1;10;28,4;8;4;1;1;0;2665,8;2;0;0;0;0;0;0;0;10;0;0;0;0;0;0;7,2;0;4,2;7;0;0;0;0;0;0;0;0;0;0;0;0;0;1;1;1;1;1;1;1;1;1;1;1;1;1;1;1;1;1;1;1;1;1;1;1;1;1;1;1;1;1;1;1
469001;1;01/08/1987;1;10;28,4;8;4;1;1;0;2535,4;1;0;0;0;0;0;0;0;10;0;0;0;0;0;0;7,2;0;4,2;7;0;0;0;0;0;0;0;0;0;0;0;0;0;1;1;1;1;1;1;1;1;1;1;1;1;1;1;1;1;1;1;1;1;1;1;1;1;1;1;1;1;1;1;1
469001;2;01/07/1987;1;62,6;223,6;21;12;1;1;0;2665,8;2;7,6;1,6;0;0;0;0;52;0;11,2;0;43,2;0;0;0;0;0;7,4;13,2;0;4,4;62,6;0,4;0;0;17,2;0;2,8;0;0;0;0;1;1;1;1;1;1;1;1;1;1;1;1;1;1;1;1;1;1;1;1;1;1;1;1;1;1;1;1;1;1;1
469001;1;01/07/1987;1;62,6;223,6;21;12;1;1;0;2535,4;1;7,6;1,6;0;0;0;0;52;0;11,2;0;43,2;0;0;0;0;0;7,4;13,2;0;4,4;62,6;0,4;0;0;17,2;0;2,8;0;0;0;0;1;1;1;1;1;1;1;1;1;1;1;1;1;1;1;1;1;1;1;1;1;1;1;1;1;1;1;1;1;1;1
469001;2;01/06/1987;1;52,4;169,7;24;13;1;1;0;2665,8;2;30,4;3,2;3,8;0,7;5;0;4;0;5,8;0;0;0;1;32;0;0,6;0;0;0;0;0;0;0;52,4;7,8;0;0;0;0;23;;1;1;1;1;1;1;1;1;1;1;1;1;1;1;1;1;1;1;1;1;1;1;1;1;1;1;1;1;1;1;0
469001;1;01/06/1987;1;52,4;169,7;24;13;1;1;0;2535,4;1;30,4;3,2;3,8;0,7;5;0;4;0;5,8;0;0;0;1;32;0;0,6;0;0;0;0;0;0;0;52,4;7,8;0;0;0;0;23;;1;1;1;1;1;1;1;1;1;1;1;1;1;1;1;1;1;1;1;1;1;1;1;1;1;1;1;1;1;1;0
469001;2;01/05/1987;1;37;125,2;7;15;1;1;0;2665,8;2;0;1,6;1;0;0,6;0;37;0;15,6;7,3;0,5;0;6;3,2;25;6,6;4,8;0;1;0;0;0;13;0;2;0;0;0;0;0;0;1;1;1;1;1;1;1;1;1;1;1;1;1;1;1;1;1;1;1;1;1;1;1;1;1;1;1;1;1;1;1
469001;1;01/05/1987;1;37;125,2;7;15;1;1;0;2535,4;1;0;1,6;1;0;0,6;0;37;0;15,6;7,3;0,5;0;6;3,2;25;6,6;4,8;0;1;0;0;0;13;0;2;0;0;0;0;0;0;1;1;1;1;1;1;1;1;1;1;1;1;1;1;1;1;1;1;1;1;1;1;1;1;1;1;1;1;1;1;1
469001;2;01/04/1987;1;75;431,2;23;21;1;1;0;2665,8;2;14,2;0;0;36;2,8;0;7,4;16,8;0;40,2;4;2;0;67,6;8,6;1;24,6;18,6;2,6;0;6,4;20,2;75;1,6;0;17;0;27,2;0;37,4;;1;1;1;1;1;1;1;1;1;1;1;1;1;1;1;1;1;1;1;1;1;1;1;1;1;1;1;1;1;1;0
469001;1;01/04/1987;1;75;431,2;23;21;1;1;0;2535,4;1;14,2;0;0;36;2,8;0;7,4;16,8;0;40,2;4;2;0;67,6;8,6;1;24,6;18,6;2,6;0;6,4;20,2;75;1,6;0;17;0;27,2;0;37,4;;1;1;1;1;1;1;1;1;1;1;1;1;1;1;1;1;1;1;1;1;1;1;1;1;1;1;1;1;1;1;0
469001;2;01/03/1987;1;75,6;265,3;11;13;1;1;0;2665,8;2;0;28;0;2;0;0,3;23;0;0;0;75,6;0;0;0;0;4,4;42;9,6;0;43,8;0;0,6;0;13;16,2;6,8;0;0;0;0;0;1;1;1;1;1;1;1;1;1;1;1;1;1;1;1;1;1;1;1;1;1;1;1;1;1;1;1;1;1;1;1
469001;1;01/03/1987;1;75,6;265,3;11;13;1;1;0;2535,4;1;0;28;0;2;0;0,3;23;0;0;0;75,6;0;0;0;0;4,4;42;9,6;0;43,8;0;0,6;0;13;16,2;6,8;0;0;0;0;0;1;1;1;1;1;1;1;1;1;1;1;1;1;1;1;1;1;1;1;1;1;1;1;1;1;1;1;1;1;1;1
469001;2;01/02/1987;1;37,8;283,5;23;24;1;1;0;2665,8;2;7,6;0;5,2;28,8;27,8;13,5;36,8;2;3,2;3,8;0;0;5,2;9,2;8,8;14;0;7,4;6;2,1;9,7;6,2;37,8;4;3,7;12,9;0,5;27,3;;;;1;1;1;1;1;1;1;1;1;1;1;1;1;1;1;1;1;1;1;1;1;1;1;1;1;1;1;1;0;0;0
469001;1;01/02/1987;1;37,8;283,5;23;24;1;1;0;2535,4;1;7,6;0;5,2;28,8;27,8;13,5;36,8;2;3,2;3,8;0;0;5,2;9,2;8,8;14;0;7,4;6;2,1;9,7;6,2;37,8;4;3,7;12,9;0,5;27,3;;;;1;1;1;1;1;1;1;1;1;1;1;1;1;1;1;1;1;1;1;1;1;1;1;1;1;1;1;1;0;0;0
469001;2;01/01/1987;1;68,8;447,2;7;21;1;1;0;2665,8;2;0;38,6;23,2;0,4;10,2;10,4;68,8;0;41,2;0;0;34,8;22;11,2;2,6;44,2;5;0;27;0;0;4;0;0;0;23;11,6;36,4;25,6;2,8;4,2;1;1;1;1;1;1;1;1;1;1;1;1;1;1;1;1;1;1;1;1;1;1;1;1;1;1;1;1;1;1;1
469001;1;01/01/1987;1;68,8;447,2;7;21;1;1;0;2535,4;1;0;38,6;23,2;0,4;10,2;10,4;68,8;0;41,2;0;0;34,8;22;11,2;2,6;44,2;5;0;27;0;0;4;0;0;0;23;11,6;36,4;25,6;2,8;4,2;1;1;1;1;1;1;1;1;1;1;1;1;1;1;1;1;1;1;1;1;1;1;1;1;1;1;1;1;1;1;1
469001;2;01/12/1986;1;73,8;256,9;4;17;1;1;0;2839,4;2;12,4;0;0;73,8;0;0;10,2;3;2;1;24;2,4;7,4;0;0;17,4;0;10;0;0;16,8;1,2;0,7;0;0;0;6,2;0;63,8;0;4,6;1;1;1;1;1;1;1;1;1;1;1;1;1;1;1;1;1;1;1;1;1;1;1;1;1;1;1;1;1;1;1
469001;1;01/12/1986;1;73,8;256,9;4;17;1;1;0;3404,2;1;12,4;0;0;73,8;0;0;10,2;3;2;1;24;2,4;7,4;0;0;17,4;0;10;0;0;16,8;1,2;0,7;0;0;0;6,2;0;63,8;0;4,6;1;1;1;1;1;1;1;1;1;1;1;1;1;1;1;1;1;1;1;1;1;1;1;1;1;1;1;1;1;1;1
469001;2;01/11/1986;1;59,6;346,2;17;14;1;1;0;2839,4;2;0;0;12;48,2;0;8,8;0;23,8;0;0;0;20;24,4;42,2;10,2;0;59,6;0;14,8;0;20,2;0;0;42,6;0;10,6;0;8,8;0;0;;1;1;1;1;1;1;1;1;1;1;1;1;1;1;1;1;1;1;1;1;1;1;1;1;1;1;1;1;1;1;0
469001;1;01/11/1986;1;120;454,2;3;14;1;1;0;3404,2;1;0;0;120;48,2;0;8,8;0;23,8;0;0;0;20;24,4;42,2;10,2;0;59,6;0;14,8;0;20,2;0;0;42,6;0;10,6;0;8,8;0;0;;1;1;1;1;1;1;1;1;1;1;1;1;1;1;1;1;1;1;1;1;1;1;1;1;1;1;1;1;1;1;0
469001;2;01/10/1986;1;35,2;159,5;20;15;1;1;0;2839,4;2;0;0;10,8;9;10,4;17;0;0;13,6;0;0,7;7;7,8;1;0;0;0,2;0;2;35,2;0;0;0;17,8;0;0;21,4;5,6;0;0;0;1;1;1;1;1;1;1;1;1;1;1;1;1;1;1;1;1;1;1;1;1;1;1;1;1;1;1;1;1;1;1
469001;1;01/10/1986;1;35,2;159,5;20;15;1;1;0;3404,2;1;0;0;10,8;9;10,4;17;0;0;13,6;0;0,7;7;7,8;1;0;0;0,2;0;2;35,2;0;0;0;17,8;0;0;21,4;5,6;0;0;0;1;1;1;1;1;1;1;1;1;1;1;1;1;1;1;1;1;1;1;1;1;1;1;1;1;1;1;1;1;1;1
469001;2;01/09/1986;1;25;172,2;26;16;1;1;0;2839,4;2;0;0;0;0;11;18,4;0;0;0;5,6;22,2;0;8,8;10,8;6,8;9,6;3,8;0;12,2;1;8,8;0;16;0;0;25;8,2;0;0;4;;1;1;1;1;1;1;1;1;1;1;1;1;1;1;1;1;1;1;1;1;1;1;1;1;1;1;1;1;1;1;0
469001;1;01/09/1986;1;25;172,2;26;16;1;1;0;3404,2;1;0;0;0;0;11;18,4;0;0;0;5,6;22,2;0;8,8;10,8;6,8;9,6;3,8;0;12,2;1;8,8;0;16;0;0;25;8,2;0;0;4;;1;1;1;1;1;1;1;1;1;1;1;1;1;1;1;1;1;1;1;1;1;1;1;1;1;1;1;1;1;1;0
469001;2;01/08/1986;1;67,4;189,4;18;11;1;1;0;2839,4;2;0;16,6;0;0;0;0;4,6;0;0,2;0;0;0;23,4;0;0;0;0;67,4;2,6;0;0;0;10,8;0;4,2;0;27,4;14,8;17,4;0;0;1;1;1;1;1;1;1;1;1;1;1;1;1;1;1;1;1;1;1;1;1;1;1;1;1;1;1;1;1;1;1
469001;1;01/08/1986;1;67,4;229,4;18;11;1;1;0;3404,2;1;0;16,6;0;0;0;0;44,6;0;0,2;0;0;0;23,4;0;0;0;0;67,4;2,6;0;0;0;10,8;0;4,2;0;27,4;14,8;17,4;0;0;1;1;1;1;1;1;1;1;1;1;1;1;1;1;1;1;1;1;1;1;1;1;1;1;1;1;1;1;1;1;1
469001;2;01/07/1986;1;56,2;140,2;29;11;2;2;0;2839,4;2;0;19,4;0;0;0;0;2,4;0;0;0;19,4;0;3;4,4;0;7;23,4;0,8;0;0;0;2,5;0;0;0;0;0;1,7;56,2;0;0;1;1;1;1;1;1;1;1;1;1;1;1;2;2;1;1;1;1;1;1;1;2;1;1;1;1;1;2;1;1;1
469001;1;01/07/1986;1;56,2;241;29;11;1;1;0;3404,2;1;0;19,4;0;0;0;0;2,4;0;0;0;19,4;0;30;40,4;0;7;23,4;0,8;0;0;0;25;0;0;0;0;0;17;56,2;0;0;1;1;1;1;1;1;1;1;1;1;1;1;1;1;1;1;1;1;1;1;1;1;1;1;1;1;1;1;1;1;1
469001;2;01/06/1986;1;59,8;188,2;8;9;1;1;0;2839,4;2;2,2;0;0;0;0;0;32,2;59,8;0;0;0;0;2,2;2,6;0;39,8;0;0;0;0;0;0;11,8;0;14,4;0;0;0;0;23,2;;1;1;1;1;1;1;1;1;1;1;1;1;1;1;1;1;1;1;1;1;1;1;1;1;1;1;1;1;1;1;0
469001;1;01/06/1986;1;59,8;188,2;8;9;1;1;0;3404,2;1;2,2;0;0;0;0;0;32,2;59,8;0;0;0;0;2,2;2,6;0;39,8;0;0;0;0;0;0;11,8;0;14,4;0;0;0;0;23,2;;1;1;1;1;1;1;1;1;1;1;1;1;1;1;1;1;1;1;1;1;1;1;1;1;1;1;1;1;1;1;0
469001;2;01/05/1986;1;51,4;250,6;31;17;1;1;0;2839,4;2;18,8;0;18,6;0;46,4;2,8;0;0;0;0;0;12,8;0;10,2;8,4;0;8,4;0;13;2,6;31,8;12,6;7,6;2,8;0;1;1,4;0;0;0;51,4;1;1;1;1;1;1;1;1;1;1;1;1;1;1;1;1;1;1;1;1;1;1;1;1;1;1;1;1;1;1;1
469001;1;01/05/1986;1;51,4;250,6;31;17;1;1;0;3404,2;1;18,8;0;18,6;0;46,4;2,8;0;0;0;0;0;12,8;0;10,2;8,4;0;8,4;0;13;2,6;31,8;12,6;7,6;2,8;0;1;1,4;0;0;0;51,4;1;1;1;1;1;1;1;1;1;1;1;1;1;1;1;1;1;1;1;1;1;1;1;1;1;1;1;1;1;1;1
469001;2;01/04/1986;1;29;136,1;23;13;2;2;0;2839,4;2;0;0;1,2;0;27,8;0;0;1,2;15,4;0;0;7,6;1,7;0;3,2;7,6;6,2;2,4;0;0;0;0;29;0;0;0;0;7,6;25,2;0;;1;1;1;1;1;1;1;1;1;1;1;1;1;1;1;1;1;1;1;1;1;1;1;1;1;1;1;2;1;1;0
469001;1;01/04/1986;1;76;219,8;28;13;1;1;0;3404,2;1;0;0;1,2;0;27,8;0;0;1,2;15,4;0;0;7,6;17;0;3,2;7,6;6,2;2,4;0;0;0;0;29;0;0;0;0;76;25,2;0;;1;1;1;1;1;1;1;1;1;1;1;1;1;1;1;1;1;1;1;1;1;1;1;1;1;1;1;1;1;1;0
469001;2;01/03/1986;1;65,2;283,7;1;17;2;2;0;2839,4;2;65,2;0;0;0;41;22,6;0,8;0;0;0;0;7;7,6;10,1;0;0;0;7,6;3;27,6;0;0;0;24,6;0;6,5;4,6;1,3;3,8;47,2;3,2;1;1;1;1;1;1;1;1;1;1;1;1;2;1;1;1;1;1;1;1;1;1;1;1;1;2;1;1;2;1;1
469001;1;01/03/1986;1;76;444,8;13;17;1;1;0;3404,2;1;65,2;0;0;0;41;22,6;0,8;0;0;0;0;7;76;10,1;0;0;0;7,6;3;27,6;0;0;0;24,6;0;65;4,6;1,3;38;47,2;3,2;1;1;1;1;1;1;1;1;1;1;1;1;1;1;1;1;1;1;1;1;1;1;1;1;1;1;1;1;1;1;1
469001;2;01/02/1986;1;70,2;263,4;13;12;1;1;0;2839,4;2;0;0;0;0;30,8;0;0;23;0;4,4;1,2;0;70,2;40;0;20,8;50;0;0;10,8;0;4,6;0;0;7,2;0;0,4;0;;;;1;1;1;1;1;1;1;1;1;1;1;1;1;1;1;1;1;1;1;1;1;1;1;1;1;1;1;1;0;0;0
469001;1;01/02/1986;1;70,2;263,4;13;12;1;1;0;3404,2;1;0;0;0;0;30,8;0;0;23;0;4,4;1,2;0;70,2;40;0;20,8;50;0;0;10,8;0;4,6;0;0;7,2;0;0,4;0;;;;1;1;1;1;1;1;1;1;1;1;1;1;1;1;1;1;1;1;1;1;1;1;1;1;1;1;1;1;0;0;0
469001;2;01/01/1986;1;61,2;453;23;24;1;2;0;2839,4;2;3,6;4,6;13,8;17;2;11;0;40;4,8;9,4;40;10;51;49,6;1,4;0;20,4;10,2;0;40;27;3,8;61,2;3,6;54,4;37,2;8,2;0;0;0;0;1;1;1;1;1;1;1;1;1;1;1;1;1;1;1;1;1;1;1;1;1;1;1;1;1;1;1;1;1;1;1
469001;1;01/01/1986;1;61,2;524,2;23;24;1;1;0;3404,2;1;3,6;4,6;13,8;17;2;11;0;40;4,8;9,4;40;10;51;49,6;1,4;0;20,4;10,2;0;40;27;3,8;61,2;3,6;54,4;37,2;8,2;0;0;0;0;1;1;1;1;1;1;1;1;1;1;1;1;1;1;1;1;1;1;1;1;1;1;1;1;1;1;1;1;1;1;1
469001;2;01/12/1985;1;97,2;339,9;11;17;1;1;0;2856,8;2;10,7;28,7;65,7;0;1,8;0;29,3;0;0;34,3;97,2;13;1,4;0;12,8;1,4;0;6,1;32,8;0;0;0;0;0;2,9;1,6;0,1;0;0;0,1;0;1;1;1;1;1;1;1;1;1;1;1;1;1;1;1;1;1;1;1;1;1;1;1;1;1;1;1;1;1;1;1
469001;1;01/12/1985;1;97,2;339,9;11;17;1;1;0;;0;10,7;28,7;65,7;0;1,8;0;29,3;0;0;34,3;97,2;13;1,4;0;12,8;1,4;0;6,1;32,8;0;0;0;0;0;2,9;1,6;0,1;0;0;0,1;0;1;1;1;1;1;1;1;1;1;1;1;1;1;1;1;1;1;1;1;1;1;1;1;1;1;1;1;1;1;1;1
469001;2;01/11/1985;1;;223;;;0;2;0;2856,8;2;0;0;0;0;16,8;0;0,9;0;17,1;1,9;0;0,5;5;11;0,3;2;0;0,1;0,1;0,2;41;0;;;;;;;0;0;;1;1;1;1;1;1;1;1;1;1;1;1;1;1;1;1;1;1;1;1;1;1;0;0;0;0;0;0;1;1;0
469001;1;01/11/1985;1;111;196,9;14;13;1;1;1;;0;0;0;0;0;16,8;0;0,9;0;17,1;1,9;0;0,5;5;111;0,3;2;0;0,1;0,1;0,2;41;0;;;;;;;0;0;;1;1;1;1;1;1;1;1;1;1;1;1;1;1;1;1;1;1;1;1;1;1;0;0;0;0;0;0;4;1;0
469001;2;01/10/1985;1;;217;;;0;2;0;2856,8;2;;;;;;;;;;;;;;;8,8;25,1;7,3;0;0;0;13;0;0;56,6;0;0;13,6;10,2;4,8;0;0;0;0;0;0;0;0;0;0;0;0;0;0;0;0;1;1;1;1;1;1;1;1;1;1;1;1;1;1;1;1;1
469001;1;01/10/1985;1;56,6;139,4;24;8;1;1;1;;0;;;;;;;;;;;;;;;8,8;25,1;7,3;0;0;0;13;0;0;56,6;0;0;13,6;10,2;4,8;0;0;0;0;0;0;0;0;0;0;0;0;0;0;0;0;4;1;1;1;1;1;1;1;1;1;1;1;1;1;1;1;1
469001;2;01/09/1985;1;54,8;115,8;27;9;2;2;0;2856,8;2;0;1;0;0;3,4;2,4;0;0;0;0;0;0;0;8,2;3;0;2,4;0;34,2;0;0;0;0;0;0;6,4;54,8;0;0;0;;1;1;1;1;1;1;1;1;1;1;1;1;1;1;2;1;1;1;1;1;1;1;1;1;1;2;1;1;1;1;0
469001;1;01/09/1985;1;64;203,4;26;9;1;1;0;;0;0;1;0;0;3,4;2,4;0;0;0;0;0;0;0;8,2;33;0;2,4;0;34,2;0;0;0;0;0;0;64;54,8;0;0;0;;1;1;1;1;1;1;1;1;1;1;1;1;1;1;1;1;1;1;1;1;1;1;1;1;1;1;1;1;1;1;0
469001;2;01/08/1985;1;;184;;;0;2;0;2856,8;2;;;;;;;;;;;;;;;0;22,7;8,2;0,4;;;;;;;;;;;;;;0;0;0;0;0;0;0;0;0;0;0;0;0;0;1;1;1;1;0;0;0;0;0;0;0;0;0;0;0;0;0
469001;1;01/08/1985;1;22,7;31,3;16;3;1;1;1;;0;;;;;;;;;;;;;;;0;22,7;8,2;0,4;;;;;;;;;;;;;0;0;0;0;0;0;0;0;0;0;0;0;0;0;0;4;1;1;1;0;0;0;0;0;0;0;0;0;0;0;0;4
469001;2;01/07/1985;1;46,8;227,4;15;12;1;1;0;2856,8;2;0;0;36,4;9,8;0;0;0;0;0;5,2;36,8;3,2;0;0;46,8;16,8;24,4;0;0;6,4;0;0;0;0;0;0;9,4;0;5,2;27;0;1;1;1;1;1;1;1;1;1;1;1;1;1;1;1;1;1;1;1;1;1;1;1;1;1;1;1;1;1;1;1
469001;1;01/07/1985;1;46,8;227,4;15;12;1;1;0;;0;0;0;36,4;9,8;0;0;0;0;0;5,2;36,8;3,2;0;0;46,8;16,8;24,4;0;0;6,4;0;0;0;0;0;0;9,4;0;5,2;27;0;1;1;1;1;1;1;1;1;1;1;1;1;1;1;1;1;1;1;1;1;1;1;1;1;1;1;1;1;1;1;1
469001;2;01/06/1985;1;31,4;92,2;21;7;1;1;0;2856,8;2;0;0;4,6;0;0;0;0;0;0;0;0;0;0;0;0;0;11;0;0;0;31,4;0;0;0;11,2;25;3,2;0;5,8;0;;1;1;1;1;1;1;1;1;1;1;1;1;1;1;1;1;1;1;1;1;1;1;1;1;1;1;1;1;1;1;0
469001;1;01/06/1985;1;31,4;92,2;21;7;1;1;0;;0;0;0;4,6;0;0;0;0;0;0;0;0;0;0;0;0;0;11;0;0;0;31,4;0;0;0;11,2;25;3,2;0;5,8;0;;1;1;1;1;1;1;1;1;1;1;1;1;1;1;1;1;1;1;1;1;1;1;1;1;1;1;1;1;1;1;0
469001;2;01/05/1985;1;80,4;364,8;10;17;1;1;0;2856,8;2;12,8;0;0;0;0;0;0;0;26,4;80,4;0;0;0;11,6;55,2;1,2;15,4;1,6;0;0;0;0;11,2;21,6;22,4;24,4;17,6;30,6;3;22,6;6,8;1;1;1;1;1;1;1;1;1;1;1;1;1;1;1;1;1;1;1;1;1;1;1;1;1;1;1;1;1;1;1
469001;1;01/05/1985;1;80,4;364,8;10;17;1;1;0;;0;12,8;0;0;0;0;0;0;0;26,4;80,4;0;0;0;11,6;55,2;1,2;15,4;1,6;0;0;0;0;11,2;21,6;22,4;24,4;17,6;30,6;3;22,6;6,8;1;1;1;1;1;1;1;1;1;1;1;1;1;1;1;1;1;1;1;1;1;1;1;1;1;1;1;1;1;1;1
469001;2;01/04/1985;1;85,8;308,5;13;15;1;1;0;2856,8;2;3,6;0,3;0;22;10,2;6,6;0;0;0;18,8;0;0;85,8;11,4;0;0;8,4;0;42,6;1;0;8;74,6;0;0;12,6;2,6;0;0;0;;1;1;1;1;1;1;1;1;1;1;1;1;1;1;1;1;1;1;1;1;1;1;1;1;1;1;1;1;1;1;0
469001;1;01/04/1985;1;85,8;308,5;13;15;1;1;0;;0;3,6;0,3;0;22;10,2;6,6;0;0;0;18,8;0;0;85,8;11,4;0;0;8,4;0;42,6;1;0;8;74,6;0;0;12,6;2,6;0;0;0;;1;1;1;1;1;1;1;1;1;1;1;1;1;1;1;1;1;1;1;1;1;1;1;1;1;1;1;1;1;1;0
469001;2;01/03/1985;1;45;307,9;28;16;1;1;0;2856,8;2;17;0;20,8;0;6,2;0;13,8;22,4;0;0;0;1,2;42,4;0;27,2;0;0;15,4;0;31,2;3;6,2;0;0;4,5;0;0;45;0;43,2;8,4;1;1;1;1;1;1;1;1;1;1;1;1;1;1;1;1;1;1;1;1;1;1;1;1;1;1;1;1;1;1;1
469001;1;01/03/1985;1;45;307,9;28;16;1;1;0;;0;17;0;20,8;0;6,2;0;13,8;22,4;0;0;0;1,2;42,4;0;27,2;0;0;15,4;0;31,2;3;6,2;0;0;4,5;0;0;45;0;43,2;8,4;1;1;1;1;1;1;1;1;1;1;1;1;1;1;1;1;1;1;1;1;1;1;1;1;1;1;1;1;1;1;1
469001;2;01/02/1985;1;50;206,3;12;13;1;1;0;2856,8;2;0;6,4;0;0;13,6;12,2;0;13,8;11,4;15;0;50;0;0;46,4;0;0;23,2;0;0;0;9,2;0;0;0;1,6;1,5;2;;;;1;1;1;1;1;1;1;1;1;1;1;1;1;1;1;1;1;1;1;1;1;1;1;1;1;1;1;1;0;0;0
469001;1;01/02/1985;1;50;206,3;12;13;1;1;0;;0;0;6,4;0;0;13,6;12,2;0;13,8;11,4;15;0;50;0;0;46,4;0;0;23,2;0;0;0;9,2;0;0;0;1,6;1,5;2;;;;1;1;1;1;1;1;1;1;1;1;1;1;1;1;1;1;1;1;1;1;1;1;1;1;1;1;1;1;0;0;0
469001;2;01/01/1985;1;33,6;270;14;9;1;2;0;2856,8;2;0;24,2;1;1;0;0;14,4;0;0;0;0;5,4;0;33,6;2;0;0;0;0;0;5,2;0;0;0;0;4,4;0;0;0;0;0;1;1;1;1;1;1;1;1;1;1;1;1;1;1;1;1;1;1;1;1;1;1;1;1;1;1;1;1;1;1;1
469001;1;01/01/1985;1;33,6;91,2;14;9;1;1;0;;0;0;24,2;1;1;0;0;14,4;0;0;0;0;5,4;0;33,6;2;0;0;0;0;0;5,2;0;0;0;0;4,4;0;0;0;0;0;1;1;1;1;1;1;1;1;1;1;1;1;1;1;1;1;1;1;1;1;1;1;1;1;1;1;1;1;1;1;1
469001;2;01/12/1984;1;97,4;381,2;5;12;1;1;0;3021,9;2;52;0;0;15,6;97,4;1;0;0;0;0;0;18,2;13,4;0;4,2;0;0;0;53,2;0;31,8;0;0;0;0;11,4;0;23,2;0;59,8;0;1;1;1;1;1;1;1;1;1;1;1;1;1;1;1;1;1;1;1;1;1;1;1;1;1;1;1;1;1;1;1
469001;1;01/12/1984;1;97,4;381,2;5;12;1;1;0;;0;52;0;0;15,6;97,4;1;0;0;0;0;0;18,2;13,4;0;4,2;0;0;0;53,2;0;31,8;0;0;0;0;11,4;0;23,2;0;59,8;0;1;1;1;1;1;1;1;1;1;1;1;1;1;1;1;1;1;1;1;1;1;1;1;1;1;1;1;1;1;1;1
469001;2;01/11/1984;1;27,2;123,6;23;10;1;1;0;3021,9;2;5,2;0;0;1,2;0;4;0;0;8;16,8;0;11,8;18,8;0;0;0;0;0;0;4,6;0;0;27,2;0;0;26;0;0;0;0;;1;1;1;1;1;1;1;1;1;1;1;1;1;1;1;1;1;1;1;1;1;1;1;1;1;1;1;1;1;1;0
469001;1;01/11/1984;1;27,2;123,6;23;10;1;1;0;;0;5,2;0;0;1,2;0;4;0;0;8;16,8;0;11,8;18,8;0;0;0;0;0;0;4,6;0;0;27,2;0;0;26;0;0;0;0;;1;1;1;1;1;1;1;1;1;1;1;1;1;1;1;1;1;1;1;1;1;1;1;1;1;1;1;1;1;1;0
469001;2;01/10/1984;1;62,8;302,6;18;14;1;1;0;3021,9;2;16,8;0;4;52;0;0;0;9,4;0;0;22,6;13,4;20,6;0;23,6;0;0;62,8;0;12,6;20,4;0;0;0;13,8;26,8;0;0;0;3,8;0;1;1;1;1;1;1;1;1;1;1;1;1;1;1;1;1;1;1;1;1;1;1;1;1;1;1;1;1;1;1;1
469001;1;01/10/1984;1;62,8;302,6;18;14;1;1;0;;0;16,8;0;4;52;0;0;0;9,4;0;0;22,6;13,4;20,6;0;23,6;0;0;62,8;0;12,6;20,4;0;0;0;13,8;26,8;0;0;0;3,8;0;1;1;1;1;1;1;1;1;1;1;1;1;1;1;1;1;1;1;1;1;1;1;1;1;1;1;1;1;1;1;1
469001;2;01/09/1984;1;69,8;223;18;13;1;1;0;3021,9;2;0;1,8;0;53,4;2;0;8;0;9,2;1,8;0;5,6;22,6;0;0;0;0;69,8;0;0;10,6;0;11;0;20,6;0;6,6;0;0;0;;1;1;1;1;1;1;1;1;1;1;1;1;1;1;1;1;1;1;1;1;1;1;1;1;1;1;1;1;1;1;0
469001;1;01/09/1984;1;69,8;223;18;13;1;1;0;;0;0;1,8;0;53,4;2;0;8;0;9,2;1,8;0;5,6;22,6;0;0;0;0;69,8;0;0;10,6;0;11;0;20,6;0;6,6;0;0;0;;1;1;1;1;1;1;1;1;1;1;1;1;1;1;1;1;1;1;1;1;1;1;1;1;1;1;1;1;1;1;0
469001;2;01/08/1984;1;21,4;123,2;26;11;1;1;0;3021,9;2;0;0;0;0;17;5;0;0;18;4,2;6,4;9,6;0;0;0;10,7;8,9;0;0;0;2,2;0;0;19,8;0;21,4;0;0;0;0;0;1;1;1;1;1;1;1;1;1;1;1;1;1;1;1;1;1;1;1;1;1;1;1;1;1;1;1;1;1;1;1
469001;1;01/08/1984;1;21,4;123,2;26;11;1;1;0;;0;0;0;0;0;17;5;0;0;18;4,2;6,4;9,6;0;0;0;10,7;8,9;0;0;0;2,2;0;0;19,8;0;21,4;0;0;0;0;0;1;1;1;1;1;1;1;1;1;1;1;1;1;1;1;1;1;1;1;1;1;1;1;1;1;1;1;1;1;1;1
469001;2;01/07/1984;1;48,4;211,4;30;13;1;1;0;3021,9;2;0;0;0;0;0;15,6;6,2;3;0;0;16;0;9,6;6,2;0;3;0;0;3,8;39;28,8;0;30,8;0;0;0;1;0;0;48,4;0;1;1;1;1;1;1;1;1;1;1;1;1;1;1;1;1;1;1;1;1;1;1;1;1;1;1;1;1;1;1;1
469001;1;01/07/1984;1;48,4;211,4;30;13;1;1;0;;0;0;0;0;0;0;15,6;6,2;3;0;0;16;0;9,6;6,2;0;3;0;0;3,8;39;28,8;0;30,8;0;0;0;1;0;0;48,4;0;1;1;1;1;1;1;1;1;1;1;1;1;1;1;1;1;1;1;1;1;1;1;1;1;1;1;1;1;1;1;1
469001;2;01/06/1984;1;33;127,8;13;9;1;1;0;3021,9;2;27,4;0;0;0;0;0;4;0;5,4;0;13,2;0;33;0;0;17,8;0;0;10,8;0;0;10,2;0;0;0;6;0;0;0;0;;1;1;1;1;1;1;1;1;1;1;1;1;1;1;1;1;1;1;1;1;1;1;1;1;1;1;1;1;1;1;0
469001;1;01/06/1984;1;33;127,8;13;9;1;1;0;;0;27,4;0;0;0;0;0;4;0;5,4;0;13,2;0;33;0;0;17,8;0;0;10,8;0;0;10,2;0;0;0;6;0;0;0;0;;1;1;1;1;1;1;1;1;1;1;1;1;1;1;1;1;1;1;1;1;1;1;1;1;1;1;1;1;1;1;0
469001;2;01/05/1984;1;47,6;297;7;13;1;2;0;3021,9;2;14,2;0;0;0;0;17,6;47,6;0;0;3,8;1,6;0;0;0;1,4;5,8;0;5,8;0;0;35;0;2,4;0;0;29,4;0;0;11,2;6;0;1;1;1;1;1;1;1;1;1;1;1;1;1;1;1;1;1;1;1;1;1;1;1;1;1;1;1;1;1;1;1
469001;1;01/05/1984;1;47,6;181,8;7;13;1;1;0;;0;14,2;0;0;0;0;17,6;47,6;0;0;3,8;1,6;0;0;0;1,4;5,8;0;5,8;0;0;35;0;2,4;0;0;29,4;0;0;11,2;6;0;1;1;1;1;1;1;1;1;1;1;1;1;1;1;1;1;1;1;1;1;1;1;1;1;1;1;1;1;1;1;1
469001;2;01/04/1984;1;109,6;283,7;12;15;2;2;0;3021,9;2;0;18,2;0;0;0,3;4,8;0;0;7,6;0;27,8;109,6;0;0;0;0;13,8;7,8;0,6;27,2;21,4;0;0;2,6;7,8;33,4;0,8;0;0;0;;1;1;1;1;1;1;1;1;1;1;1;1;1;1;1;1;1;1;1;1;2;1;1;1;1;1;1;1;1;1;0
469001;1;01/04/1984;1;214,4;476,7;21;15;1;1;0;;0;0;18,2;0;0;0,3;4,8;0;0;7,6;0;27,8;109,6;0;0;0;0;13,8;7,8;0,6;27,2;214,4;0;0;2,6;7,8;33,4;0,8;0;0;0;;1;1;1;1;1;1;1;1;1;1;1;1;1;1;1;1;1;1;1;1;1;1;1;1;1;1;1;1;1;1;0
469001;2;01/03/1984;1;80;211,8;12;13;1;1;0;3021,9;2;0;12,2;0;0;0;4,2;6,2;2,4;1,8;31,6;0;80;0;0;2,2;0;3,8;0;0;0;0;0;15,6;0;1,2;0;0;0;0;40;10,6;1;1;1;1;1;1;1;1;1;1;1;1;1;1;1;1;1;1;1;1;1;1;1;1;1;1;1;1;1;1;1
469001;1;01/03/1984;1;80;211,8;12;13;1;1;0;;0;0;12,2;0;0;0;4,2;6,2;2,4;1,8;31,6;0;80;0;0;2,2;0;3,8;0;0;0;0;0;15,6;0;1,2;0;0;0;0;40;10,6;1;1;1;1;1;1;1;1;1;1;1;1;1;1;1;1;1;1;1;1;1;1;1;1;1;1;1;1;1;1;1
469001;2;01/02/1984;1;66,8;488,6;7;20;1;1;0;3021,9;2;20,8;30,8;20,4;0;47;0;66,8;8,2;0;49;20;0;10,4;1;0;28,2;3;0;0;8,4;0;54;2,4;21,2;24;2;0;60,8;10,2;;;1;1;1;1;1;1;1;1;1;1;1;1;1;1;1;1;1;1;1;1;1;1;1;1;1;1;1;1;1;0;0
469001;1;01/02/1984;1;66,8;488,6;7;20;1;1;0;;0;20,8;30,8;20,4;0;47;0;66,8;8,2;0;49;20;0;10,4;1;0;28,2;3;0;0;8,4;0;54;2,4;21,2;24;2;0;60,8;10,2;;;1;1;1;1;1;1;1;1;1;1;1;1;1;1;1;1;1;1;1;1;1;1;1;1;1;1;1;1;1;0;0
469001;2;01/01/1984;1;;248;;;0;2;0;3021,9;2;;;;;;;;;;;;;;;;;0;41,8;0;0;12,8;95;0;0;0;1,8;29,8;0;4,6;0;18;0;0;0;0;0;0;0;0;0;0;0;0;0;0;0;0;1;1;1;1;1;1;1;1;1;1;1;1;1;1;1
469001;1;01/01/1984;1;95;203,8;22;7;1;1;1;;0;;;;;;;;;;;;;;;;;0;41,8;0;0;12,8;95;0;0;0;1,8;29,8;0;4,6;0;18;0;0;0;0;0;0;0;0;0;0;0;0;0;0;0;0;4;1;1;1;1;1;1;1;1;1;1;1;1;1;1
469001;2;01/12/1983;1;86,2;282,4;9;11;1;1;0;2290,8;2;0;0;0;0;44,8;0;0;0;86,2;13,4;33,8;0;0;0;21;0;0;0;0;12,8;0;18,6;9,8;0;0;32;4;0;0;6;0;1;1;1;1;1;1;1;1;1;1;1;1;1;1;1;1;1;1;1;1;1;1;1;1;1;1;1;1;1;1;1
469001;1;01/12/1983;1;86,2;282,4;9;11;1;1;0;2704,8;1;0;0;0;0;44,8;0;0;0;86,2;13,4;33,8;0;0;0;21;0;0;0;0;12,8;0;18,6;9,8;0;0;32;4;0;0;6;0;1;1;1;1;1;1;1;1;1;1;1;1;1;1;1;1;1;1;1;1;1;1;1;1;1;1;1;1;1;1;1
469001;2;01/11/1983;1;43;111,4;16;8;1;1;0;2290,8;2;20,6;0;0;4,8;0;0;0;0;12,6;0;0;3,8;0;0;0;43;0;4,2;6,4;0;0;0;0;0;0;0;0;0;16;0;;1;1;1;1;1;1;1;1;1;1;1;1;1;1;1;1;1;1;1;1;1;1;1;1;1;1;1;1;1;1;0
469001;1;01/11/1983;1;43;111,4;16;8;1;1;0;2704,8;1;20,6;0;0;4,8;0;0;0;0;12,6;0;0;3,8;0;0;0;43;0;4,2;6,4;0;0;0;0;0;0;0;0;0;16;0;;1;1;1;1;1;1;1;1;1;1;1;1;1;1;1;1;1;1;1;1;1;1;1;1;1;1;1;1;1;1;0
469001;2;01/10/1983;1;41,8;251,9;1;15;2;2;0;2290,8;2;41,8;0;32,4;10,8;0;5,1;24,8;10,4;36,4;0;1,2;0;35,8;0;6,4;0;0;0;2,5;0;35,4;0;0;1,5;0;0;2,6;0;4,8;0;0;1;1;1;1;1;2;1;1;1;1;2;1;1;1;1;1;1;1;2;1;1;1;1;2;1;1;1;1;2;1;1
469001;1;01/10/1983;1;51;387,8;6;15;1;1;0;2704,8;1;41,8;0;32,4;10,8;0;51;24,8;10,4;36,4;0;12;0;35,8;0;6,4;0;0;0;25;0;35,4;0;0;15;0;0;2,6;0;48;0;0;1;1;1;1;1;1;1;1;1;1;1;1;1;1;1;1;1;1;1;1;1;1;1;1;1;1;1;1;1;1;1
469001;2;01/09/1983;1;24,8;45,5;10;7;2;2;0;2290,8;2;0;0;3,6;0;0;0;0;0;4,6;24,8;0;0;0;0;0;0;0;3;3,4;0,9;0;0;0;0;0;0;0;5,2;0;0;;1;1;2;1;1;1;1;1;2;1;1;1;1;1;1;1;1;2;1;1;1;1;1;1;1;1;1;1;1;1;0
469001;1;01/09/1983;1;40,6;140,9;9;7;1;1;0;2704,8;1;0;0;36;0;0;0;0;0;40,6;24,8;0;0;0;0;0;0;0;30;3,4;0,9;0;0;0;0;0;0;0;5,2;0;0;;1;1;1;1;1;1;1;1;1;1;1;1;1;1;1;1;1;1;1;1;1;1;1;1;1;1;1;1;1;1;0
469001;2;01/08/1983;1;33,4;88,5;10;9;1;1;0;2290,8;2;0;0;0;0;0;0;0;0;8,4;33,4;7,8;2,5;0;0;0;0;9,8;6,8;0;0;0;0;0;0;0;0;0;8;0;10,8;1;1;1;1;1;1;1;1;1;1;1;1;1;1;1;1;1;1;1;1;1;1;1;1;1;1;1;1;1;1;1;1
469001;1;01/08/1983;1;33,4;88,5;10;9;1;1;0;2704,8;1;0;0;0;0;0;0;0;0;8,4;33,4;7,8;2,5;0;0;0;0;9,8;6,8;0;0;0;0;0;0;0;0;0;8;0;10,8;1;1;1;1;1;1;1;1;1;1;1;1;1;1;1;1;1;1;1;1;1;1;1;1;1;1;1;1;1;1;1;1
469001;2;01/07/1983;1;30,2;114,2;25;11;1;1;0;2290,8;2;0;0;0;10;0;0;6,4;14,8;0;0;0;0;0;0;2,8;6,4;7;6,2;0;0;0;0;0;17,4;30,2;12,2;0,8;0;0;0;0;1;1;1;1;1;1;1;1;1;1;1;1;1;1;1;1;1;1;1;1;1;1;1;1;1;1;1;1;1;1;1
469001;1;01/07/1983;1;30,2;114,2;25;11;1;1;0;2704,8;1;0;0;0;10;0;0;6,4;14,8;0;0;0;0;0;0;2,8;6,4;7;6,2;0;0;0;0;0;17,4;30,2;12,2;0,8;0;0;0;0;1;1;1;1;1;1;1;1;1;1;1;1;1;1;1;1;1;1;1;1;1;1;1;1;1;1;1;1;1;1;1
469001;2;01/06/1983;1;17,8;61,4;1;5;1;1;0;2290,8;2;17,8;0;0;0;0;0;0;12,2;0;0;0;0;16,2;0;0;0;0;0;0;0;0;0;9,2;0;0;6;0;0;0;0;;1;1;1;1;1;1;1;1;1;1;1;1;1;1;1;1;1;1;1;1;1;1;1;1;1;1;1;1;1;1;0
469001;1;01/06/1983;1;17,8;61,4;1;5;1;1;0;2704,8;1;17,8;0;0;0;0;0;0;12,2;0;0;0;0;16,2;0;0;0;0;0;0;0;0;0;9,2;0;0;6;0;0;0;0;;1;1;1;1;1;1;1;1;1;1;1;1;1;1;1;1;1;1;1;1;1;1;1;1;1;1;1;1;1;1;0
469001;2;01/05/1983;1;73,8;279,8;19;11;1;1;0;2290,8;2;52;0;0;12,8;0;0;0;28,4;0;30,6;18;6,4;1,4;0;28,2;0;0;0;73,8;0;4,4;0;0;23,8;0;0;0;0;0;0;0;1;1;1;1;1;1;1;1;1;1;1;1;1;1;1;1;1;1;1;1;1;1;1;1;1;1;1;1;1;1;1
469001;1;01/05/1983;1;73,8;279,8;19;11;1;1;0;2704,8;1;52;0;0;12,8;0;0;0;28,4;0;30,6;18;6,4;1,4;0;28,2;0;0;0;73,8;0;4,4;0;0;23,8;0;0;0;0;0;0;0;1;1;1;1;1;1;1;1;1;1;1;1;1;1;1;1;1;1;1;1;1;1;1;1;1;1;1;1;1;1;1
469001;2;01/04/1983;1;69,2;241,5;9;15;2;2;0;2290,8;2;0;30,4;0;2;0;6;4,4;0;69,2;16,6;0;0;0;4,6;12,2;4,8;0;2,5;0;0;13,8;6,6;14,8;46,4;0;0;7,2;0;0;0;;1;1;1;1;1;2;1;1;1;1;1;1;1;2;1;1;1;2;1;1;1;1;1;1;1;1;2;1;1;1;0
469001;1;01/04/1983;1;72;424,2;27;15;1;1;0;2704,8;1;0;30,4;0;2;0;60;4,4;0;69,2;16,6;0;0;0;46;12,2;4,8;0;25;0;0;13,8;6,6;14,8;46,4;0;0;72;0;0;0;;1;1;1;1;1;1;1;1;1;1;1;1;1;1;1;1;1;1;1;1;1;1;1;1;1;1;1;1;1;1;0
469001;2;01/03/1983;1;87,8;262;30;11;1;1;0;2290,8;2;0;0;0;0;0;0;0;8,4;0;7,2;35,2;0;5;0;0;0;2;38,2;0;0;0;11,2;0;4,6;0;0;23,2;0;39,2;87,8;0;1;1;1;1;1;1;1;1;1;1;1;1;1;1;1;1;1;1;1;1;1;1;1;1;1;1;1;1;1;1;1
469001;1;01/03/1983;1;87,8;262;30;11;1;1;0;2704,8;1;0;0;0;0;0;0;0;8,4;0;7,2;35,2;0;5;0;0;0;2;38,2;0;0;0;11,2;0;4,6;0;0;23,2;0;39,2;87,8;0;1;1;1;1;1;1;1;1;1;1;1;1;1;1;1;1;1;1;1;1;1;1;1;1;1;1;1;1;1;1;1
469001;2;01/02/1983;1;85;380,4;18;11;1;1;0;2290,8;2;0;22,6;0;0;56;27,2;0;0;0;0;3,8;0;0;0;0;23,4;0;85;0;0;33,6;82,6;28,8;15,4;0;0;2;0;;;;1;1;1;1;1;1;1;1;1;1;1;1;1;1;1;1;1;1;1;1;1;1;1;1;1;1;1;1;0;0;0
469001;1;01/02/1983;1;85;380,4;18;11;1;1;0;2704,8;1;0;22,6;0;0;56;27,2;0;0;0;0;3,8;0;0;0;0;23,4;0;85;0;0;33,6;82,6;28,8;15,4;0;0;2;0;;;;1;1;1;1;1;1;1;1;1;1;1;1;1;1;1;1;1;1;1;1;1;1;1;1;1;1;1;1;0;0;0
469001;2;01/01/1983;1;54,2;171,8;6;12;1;1;0;2290,8;2;10,6;0;0,8;0;0;54,2;13;18,4;0;0;0;16,8;0;0;6,4;0;12;24,8;0;0,3;0;0;0;13,7;0;0;0;0;0;0,8;0;1;1;1;1;1;1;1;1;1;1;1;1;1;1;1;1;1;1;1;1;1;1;1;1;1;1;1;1;1;1;1
469001;1;01/01/1983;1;54,2;171,8;6;12;1;1;0;2704,8;1;10,6;0;0,8;0;0;54,2;13;18,4;0;0;0;16,8;0;0;6,4;0;12;24,8;0;0,3;0;0;0;13,7;0;0;0;0;0;0,8;0;1;1;1;1;1;1;1;1;1;1;1;1;1;1;1;1;1;1;1;1;1;1;1;1;1;1;1;1;1;1;1
469001;2;01/12/1982;1;14,6;180;25;6;1;2;0;;0;0;0;0;0;0;0;0;13,2;0;0;0;0,3;0;0;0;8,8;0;0;0;0;0;0;0;0;14,6;0;0,5;0;0;12,4;0;1;1;1;1;1;1;1;1;1;1;1;1;1;1;1;1;1;1;1;1;1;1;1;1;1;1;1;1;1;1;1
469001;1;01/12/1982;1;14,6;49,8;25;6;1;1;0;;0;0;0;0;0;0;0;0;13,2;0;0;0;0,3;0;0;0;8,8;0;0;0;0;0;0;0;0;14,6;0;0,5;0;0;12,4;0;1;1;1;1;1;1;1;1;1;1;1;1;1;1;1;1;1;1;1;1;1;1;1;1;1;1;1;1;1;1;1
469001;2;01/11/1982;1;85,6;149;4;17;1;2;0;;0;0;0;41;85,6;0;0;50;16,6;8,8;0,8;35,6;6,8;9,4;0;0;37,6;12,2;6,4;4,3;0;0;10,2;62,8;38,4;0;0;0;0;0;4,7;;1;1;1;1;1;1;1;1;1;1;1;1;1;1;1;1;1;1;1;1;1;1;1;1;1;1;1;1;1;1;0
469001;1;01/11/1982;1;85,6;431,2;4;17;1;1;0;;0;0;0;41;85,6;0;0;50;16,6;8,8;0,8;35,6;6,8;9,4;0;0;37,6;12,2;6,4;4,3;0;0;10,2;62,8;38,4;0;0;0;0;0;4,7;;1;1;1;1;1;1;1;1;1;1;1;1;1;1;1;1;1;1;1;1;1;1;1;1;1;1;1;1;1;1;0
469001;2;01/10/1982;1;63,8;218,1;25;11;1;1;0;;0;0;0;0;14,4;0;0;0;0,3;12;0;0;0;0,2;0;23,6;0;13;39,6;0;0;11,6;0;0;0;63,8;0;0;0;15,4;0;24,2;1;1;1;1;1;1;1;1;1;1;1;1;1;1;1;1;1;1;1;1;1;1;1;1;1;1;1;1;1;1;1
469001;1;01/10/1982;1;63,8;218,1;25;11;1;1;0;;0;0;0;0;14,4;0;0;0;0,3;12;0;0;0;0,2;0;23,6;0;13;39,6;0;0;11,6;0;0;0;63,8;0;0;0;15,4;0;24,2;1;1;1;1;1;1;1;1;1;1;1;1;1;1;1;1;1;1;1;1;1;1;1;1;1;1;1;1;1;1;1
469001;2;01/09/1982;1;75;356,7;25;17;1;1;0;;0;0;47,4;0;0;14,6;24,8;22,4;0;17,6;0;0;0;0;25;0;0;23,8;0;16,2;0;16,2;10,2;4,3;6,9;75;0;5,9;9,4;13,8;23,2;;1;1;1;1;1;1;1;1;1;1;1;1;1;1;1;1;1;1;1;1;1;1;1;1;1;1;1;1;1;1;0
469001;1;01/09/1982;1;75;356,7;25;17;1;1;0;;0;0;47,4;0;0;14,6;24,8;22,4;0;17,6;0;0;0;0;25;0;0;23,8;0;16,2;0;16,2;10,2;4,3;6,9;75;0;5,9;9,4;13,8;23,2;;1;1;1;1;1;1;1;1;1;1;1;1;1;1;1;1;1;1;1;1;1;1;1;1;1;1;1;1;1;1;0
469001;2;01/08/1982;1;24;125,2;14;11;1;1;1;;0;;;;4,7;0;0;0,2;0;8;0;0;0;0;24;0;0,2;16;18,2;0;11,4;0;0;0;14;4,5;0;0;0;0;24;0;0;0;0;4;1;1;1;1;1;1;1;1;1;1;1;1;1;1;1;1;1;1;1;1;1;1;1;1;1;1;1
469001;1;01/08/1982;1;24;125,2;14;11;1;1;1;;0;;;;4,7;0;0;0,2;0;8;0;0;0;0;24;0;0,2;16;18,2;0;11,4;0;0;0;14;4,5;0;0;0;0;24;0;0;0;0;4;1;1;1;1;1;1;1;1;1;1;1;1;1;1;1;1;1;1;1;1;1;1;1;1;1;1;1
